player,age,G,GS,MP,FG,FGA,FG_per,3P,3PA,3P_per,2P,2PA,2P_per,eFG_per,FT,FTA,FT_per,ORB,DRB,TRB,AST,STL,BLK,TOV,PF,PTS_per_G,team
Kevin Durant,30,49,49,35.6,9.7,19.0,.509,1.9,5.0,.381,7.8,14.0,.555,.559,6.7,7.3,.906,0.4,6.9,7.3,5.9,0.8,1.2,3.3,1.9,27.9,GSW
Stephen Curry,30,38,38,34.4,9.8,19.9,.491,5.2,11.6,.446,4.6,8.3,.554,.621,4.6,5.0,.931,0.7,4.4,5.1,5.4,1.2,0.4,2.8,2.6,29.3,GSW
Klay Thompson,28,49,49,34.2,8.6,18.5,.462,2.9,7.6,.380,5.7,10.9,.519,.540,1.8,2.3,.811,0.4,3.6,4.0,2.0,1.2,0.7,1.6,2.2,21.8,GSW
Draymond Green,28,35,35,31.3,2.7,6.6,.417,0.6,2.4,.262,2.1,4.2,.507,.465,1.0,1.3,.723,1.0,6.9,8.0,7.3,1.6,0.9,2.6,3.2,7.1,GSW
Andre Iguodala,35,44,11,23.4,2.1,4.5,.472,0.7,2.1,.344,1.4,2.4,.587,.553,0.7,1.2,.608,0.7,3.0,3.8,3.1,0.9,0.8,0.8,1.3,5.7,GSW
Kevon Looney,22,49,22,21.1,2.9,4.7,.618,0.0,0.2,.111,2.9,4.5,.639,.621,0.9,1.4,.614,2.7,3.3,6.0,1.9,0.5,0.8,0.7,2.9,6.7,GSW
DeMarcus Cousins,28,4,4,21.0,4.8,10.3,.463,1.3,2.3,.556,3.5,8.0,.438,.524,2.8,3.5,.786,1.3,6.0,7.3,3.5,1.0,0.8,1.8,4.3,13.5,GSW
Jonas Jerebko,31,47,6,19.0,2.5,5.4,.472,1.1,2.9,.365,1.5,2.4,.600,.571,1.0,1.2,.825,1.2,3.7,4.9,1.6,0.3,0.2,0.7,2.2,7.1,GSW
Damian Jones,23,24,22,17.1,2.2,3.1,.716,0.0,0.0,,2.2,3.1,.716,.716,1.0,1.5,.649,1.3,1.8,3.1,1.2,0.5,1.0,0.7,2.6,5.4,GSW
Shaun Livingston,33,38,0,15.4,1.9,3.9,.483,0.0,0.1,.000,1.9,3.9,.490,.483,0.9,1.1,.814,0.7,1.3,2.0,2.0,0.5,0.4,0.6,1.3,4.7,GSW
Quinn Cook,25,41,8,14.9,3.0,6.4,.475,1.2,2.8,.417,1.9,3.6,.521,.567,0.4,0.5,.750,0.3,1.9,2.2,1.7,0.3,0.1,0.8,1.4,7.6,GSW
Alfonzo McKinnie,26,40,0,14.6,2.1,4.4,.472,0.7,1.9,.360,1.4,2.5,.554,.548,0.4,0.7,.519,1.3,2.5,3.8,0.4,0.2,0.2,0.5,2.0,5.2,GSW
Damion Lee,26,16,0,12.2,1.7,3.6,.466,0.8,1.9,.419,0.9,1.7,.519,.578,0.7,0.8,.846,0.2,1.6,1.8,0.2,0.5,0.0,0.5,1.2,4.9,GSW
Jordan Bell,24,44,1,10.9,1.2,2.4,.519,0.0,0.0,.000,1.2,2.3,.524,.519,0.3,0.5,.667,0.7,1.8,2.5,1.2,0.3,0.8,0.5,1.2,2.8,GSW
Marcus Derrickson,22,6,0,5.7,1.0,2.5,.400,0.3,1.2,.286,0.7,1.3,.500,.467,0.5,0.7,.750,0.3,0.3,0.7,0.0,0.0,0.2,0.5,1.3,2.8,GSW
Jacob Evans,21,23,0,4.3,0.3,1.1,.240,0.0,0.3,.167,0.2,0.8,.263,.260,0.0,0.0,.000,0.0,0.3,0.4,0.6,0.0,0.0,0.3,0.6,0.6,GSW
Kawhi Leonard,27,38,38,35.1,9.7,19.2,.503,1.8,4.9,.372,7.8,14.3,.549,.551,6.7,7.8,.858,1.4,6.6,7.9,3.2,1.9,0.5,2.1,1.5,27.9,TOR
Kyle Lowry,32,41,41,34.3,4.7,11.4,.410,2.2,6.7,.322,2.5,4.7,.536,.505,2.7,3.1,.845,0.6,3.9,4.5,9.4,1.4,0.5,2.8,2.5,14.2,TOR
Pascal Siakam,24,51,50,31.3,5.9,10.5,.559,0.7,2.2,.324,5.2,8.4,.621,.593,2.6,3.3,.799,1.6,5.4,7.0,2.9,1.0,0.7,1.7,3.1,15.2,TOR
Danny Green,31,50,50,29.3,3.7,8.3,.446,2.4,5.6,.423,1.3,2.7,.493,.588,0.5,0.5,.885,0.9,3.3,4.2,1.3,0.9,0.8,1.0,2.4,10.2,TOR
Serge Ibaka,29,48,39,28.8,6.7,12.7,.529,0.7,2.5,.270,6.0,10.2,.593,.556,2.0,2.6,.780,2.1,5.5,7.6,1.4,0.5,1.3,1.8,3.1,16.1,TOR
Fred VanVleet,24,46,20,26.8,3.7,9.1,.401,1.7,4.5,.365,2.0,4.6,.436,.492,1.5,1.8,.831,0.4,2.3,2.7,4.6,0.8,0.3,1.3,1.8,10.5,TOR
OG Anunoby,21,41,5,20.4,2.9,6.6,.443,1.1,3.3,.336,1.8,3.3,.552,.528,0.4,0.9,.395,0.8,2.2,3.0,0.7,0.6,0.2,0.7,2.1,7.3,TOR
Jonas Valanciunas,26,30,10,18.8,5.0,8.6,.575,0.3,1.0,.300,4.7,7.6,.611,.593,2.6,3.1,.819,1.8,5.4,7.2,1.0,0.4,0.8,1.3,2.7,12.8,TOR
Norman Powell,25,30,2,18.5,3.0,6.1,.492,1.0,2.6,.385,2.0,3.5,.571,.574,0.9,1.2,.778,0.1,1.7,1.8,1.5,0.7,0.2,0.9,1.7,7.9,TOR
Delon Wright,26,46,2,18.3,2.6,5.9,.441,0.7,1.9,.349,1.9,4.0,.484,.496,0.9,1.1,.860,0.8,1.8,2.5,2.2,0.9,0.3,0.8,1.1,6.8,TOR
C.J. Miles,31,38,1,14.2,1.7,5.3,.330,1.1,3.5,.303,0.7,1.8,.382,.430,0.8,1.1,.775,0.3,1.4,1.7,0.6,0.4,0.2,0.5,1.5,5.3,TOR
Greg Monroe,28,35,2,11.0,1.9,4.1,.455,0.0,0.1,.000,1.9,4.0,.468,.455,0.9,1.6,.561,1.6,2.5,4.1,0.4,0.3,0.2,0.9,1.5,4.7,TOR
Patrick McCaw,23,5,0,8.8,0.2,1.2,.167,0.0,0.6,.000,0.2,0.6,.333,.167,0.0,0.0,,0.6,1.6,2.2,1.0,0.6,0.0,1.0,1.2,0.4,TOR
Lorenzo Brown,28,26,0,8.2,0.9,2.7,.324,0.2,1.1,.214,0.7,1.7,.395,.366,0.1,0.1,1.000,0.2,1.0,1.2,1.1,0.5,0.2,0.6,0.8,2.1,TOR
Chris Boucher,26,15,0,5.5,1.1,2.7,.425,0.6,1.5,.409,0.5,1.2,.444,.538,0.7,0.9,.846,0.6,1.0,1.6,0.0,0.1,1.1,0.1,0.9,3.6,TOR
Jordan Loyd,25,5,0,4.8,0.6,1.0,.600,0.4,0.4,1.000,0.2,0.6,.333,.800,0.8,0.8,1.000,0.2,1.2,1.4,0.4,0.0,0.0,0.4,0.4,2.4,TOR
Malachi Richardson,23,22,0,4.7,0.4,1.3,.310,0.4,1.1,.320,0.0,0.2,.250,.448,0.2,0.2,.800,0.1,0.5,0.6,0.0,0.0,0.0,0.4,0.6,1.4,TOR
Giannis Antetokounmpo,24,45,45,33.2,9.8,17.1,.575,0.5,2.4,.198,9.4,14.8,.635,.588,6.5,9.2,.704,2.4,10.4,12.7,5.8,1.4,1.4,4.0,3.4,26.6,MIL
Khris Middleton,27,46,46,31.1,6.2,14.2,.435,2.4,6.3,.377,3.8,7.8,.482,.519,2.7,3.2,.844,0.5,5.3,5.7,4.1,1.1,0.1,2.2,2.4,17.4,MIL
Malcolm Brogdon,26,45,45,29.4,6.0,11.6,.517,1.5,3.6,.416,4.5,8.0,.562,.581,2.3,2.4,.953,1.0,3.6,4.6,3.3,0.7,0.2,1.6,1.7,15.8,MIL
Eric Bledsoe,29,48,48,29.3,6.1,12.4,.491,1.4,4.8,.297,4.6,7.6,.613,.548,2.2,2.9,.766,1.0,3.5,4.5,5.4,1.4,0.4,2.1,2.1,15.7,MIL
Brook Lopez,30,48,48,27.8,4.3,9.4,.453,2.6,6.5,.392,1.7,2.9,.590,.588,1.0,1.3,.803,0.4,3.6,4.0,1.0,0.5,2.1,1.0,2.1,12.1,MIL
George Hill,32,23,0,20.7,2.0,4.9,.398,0.6,2.2,.255,1.4,2.7,.516,.456,0.9,1.2,.750,0.6,2.0,2.5,2.2,0.9,0.1,0.5,1.7,5.4,MIL
Ersan Ilyasova,31,36,3,18.0,2.5,5.7,.432,0.8,2.4,.349,1.6,3.3,.492,.505,0.8,0.9,.875,1.3,3.3,4.6,0.9,0.6,0.3,0.8,2.4,6.6,MIL
D.J. Wilson,22,20,0,17.7,2.2,4.6,.467,1.0,2.2,.442,1.2,2.5,.490,.571,0.4,1.0,.421,0.9,3.9,4.8,1.0,0.4,0.6,0.5,2.0,5.7,MIL
Pat Connaughton,26,30,1,17.5,2.2,5.3,.413,0.9,3.2,.278,1.3,2.1,.619,.497,0.5,0.7,.700,0.8,2.8,3.6,2.0,0.4,0.5,0.6,1.2,5.8,MIL
Tony Snell,27,48,4,16.9,2.2,4.8,.448,1.2,2.9,.400,1.0,1.9,.522,.569,0.7,0.7,.914,0.4,1.7,2.1,0.8,0.4,0.2,0.4,1.1,6.2,MIL
Sterling Brown,23,38,0,16.0,2.2,4.7,.475,0.9,2.4,.391,1.3,2.3,.563,.575,0.4,0.5,.789,0.6,2.4,2.9,1.3,0.4,0.1,0.7,1.4,5.8,MIL
Donte DiVincenzo,22,23,0,15.6,1.8,4.7,.393,0.7,3.0,.246,1.1,1.7,.658,.472,0.4,0.5,.818,0.6,1.9,2.4,1.2,0.5,0.3,0.8,1.5,4.8,MIL
John Henson,28,14,0,13.4,2.2,4.8,.463,0.8,2.2,.355,1.4,2.6,.556,.545,0.4,0.7,.600,1.1,3.9,5.1,1.0,0.5,0.8,0.9,1.1,5.6,MIL
Thon Maker,21,35,0,11.7,1.7,3.8,.440,0.7,2.2,.333,0.9,1.6,.589,.537,0.6,1.1,.541,0.5,2.3,2.7,0.5,0.3,0.5,0.3,1.6,4.7,MIL
Matthew Dellavedova,28,12,0,8.1,0.5,1.6,.316,0.3,0.9,.364,0.2,0.7,.250,.421,0.3,0.3,1.000,0.0,0.8,0.8,2.4,0.2,0.0,0.9,0.8,1.7,MIL
Jaylen Morris,23,4,0,7.3,1.0,2.5,.400,0.3,0.8,.333,0.8,1.8,.429,.450,0.3,0.5,.500,0.0,1.3,1.3,1.0,0.5,0.0,0.3,0.3,2.5,MIL
Jason Smith,32,6,0,6.7,0.7,2.2,.308,0.5,1.5,.333,0.2,0.7,.250,.423,0.3,0.3,1.000,0.5,1.3,1.8,0.2,0.3,0.3,0.8,1.0,2.2,MIL
Christian Wood,23,6,0,6.2,1.5,2.8,.529,0.3,0.7,.500,1.2,2.2,.538,.588,0.8,1.0,.833,0.7,2.0,2.7,0.3,0.0,0.0,0.3,0.3,4.2,MIL
Robert Covington,28,13,13,33.8,3.8,9.0,.427,2.3,5.9,.390,1.5,3.1,.500,.556,1.3,1.8,.739,0.5,4.6,5.2,1.1,1.8,1.8,1.7,3.5,11.3,PHI
Joel Embiid,24,46,46,33.5,9.1,18.5,.491,1.2,3.9,.309,7.9,14.6,.539,.523,7.9,9.8,.801,2.4,10.9,13.3,3.5,0.6,2.0,3.5,3.3,27.2,PHI
Ben Simmons,22,49,49,33.4,6.7,11.7,.571,0.0,0.0,.000,6.7,11.7,.572,.571,3.2,5.6,.581,2.2,7.3,9.5,8.2,1.2,0.8,3.5,2.6,16.6,PHI
Jimmy Butler,29,28,28,32.1,6.8,14.2,.475,1.1,3.0,.386,5.6,11.3,.498,.515,4.3,5.0,.871,1.8,3.1,4.8,3.4,1.9,0.5,1.5,1.8,19.0,PHI
J.J. Redick,34,48,35,31.1,6.2,13.9,.446,3.0,8.0,.382,3.2,6.0,.531,.555,3.0,3.4,.901,0.3,1.9,2.2,2.8,0.4,0.2,1.4,1.7,18.5,PHI
Dario Saric,24,13,13,30.5,3.7,10.2,.364,1.6,5.4,.300,2.1,4.8,.435,.443,2.1,2.3,.900,1.6,5.0,6.6,2.0,0.3,0.2,1.9,3.0,11.1,PHI
Wilson Chandler,31,34,30,26.5,2.5,5.7,.438,1.2,3.1,.387,1.3,2.6,.500,.544,0.4,0.5,.722,1.2,3.5,4.8,1.9,0.6,0.5,1.0,2.7,6.6,PHI
Corey Brewer,32,4,3,25.3,4.0,8.5,.471,1.0,2.3,.444,3.0,6.3,.480,.529,1.8,2.5,.700,0.5,2.5,3.0,1.8,2.3,0.5,1.5,2.8,10.8,PHI
Markelle Fultz,20,19,15,22.5,3.4,8.2,.419,0.2,0.7,.286,3.2,7.4,.433,.432,1.1,1.9,.568,1.4,2.3,3.7,3.1,0.9,0.3,1.3,2.7,8.2,PHI
Mike Muscala,27,43,4,22.0,2.3,5.8,.394,1.5,4.3,.342,0.8,1.6,.537,.520,1.3,1.6,.809,1.1,3.2,4.2,1.4,0.4,0.6,1.0,2.3,7.3,PHI
T.J. McConnell,26,44,1,21.2,3.0,5.5,.550,0.2,0.6,.333,2.8,4.9,.577,.568,0.5,0.6,.800,0.4,1.8,2.2,3.9,1.2,0.3,1.3,1.7,6.7,PHI
Landry Shamet,21,50,2,20.1,2.9,6.5,.443,1.8,4.5,.403,1.0,1.9,.536,.584,0.8,1.0,.840,0.3,1.2,1.5,1.1,0.5,0.1,0.5,2.0,8.4,PHI
Furkan Korkmaz,21,40,6,14.8,2.1,5.3,.399,1.1,3.3,.331,1.1,2.1,.506,.500,0.7,0.9,.806,0.3,2.1,2.4,1.2,0.6,0.1,0.6,1.3,6.1,PHI
Jonah Bolden,23,25,3,12.6,1.5,3.0,.493,0.5,1.6,.300,1.0,1.4,.714,.573,0.3,0.7,.444,0.9,2.7,3.6,0.6,0.2,0.8,0.9,2.1,3.8,PHI
Amir Johnson,31,37,2,9.6,1.5,2.8,.534,0.2,0.6,.375,1.2,2.1,.582,.578,0.6,0.8,.767,0.7,1.9,2.6,1.2,0.3,0.2,0.9,1.9,3.8,PHI
Shake Milton,22,12,0,8.8,1.4,3.3,.436,0.8,1.8,.455,0.6,1.4,.412,.564,0.3,0.4,.800,0.6,0.8,1.3,0.9,0.3,0.3,0.2,1.0,4.0,PHI
Demetrius Jackson,24,6,0,6.5,1.3,2.5,.533,0.3,1.0,.333,1.0,1.5,.667,.600,0.7,0.7,1.000,0.3,0.2,0.5,0.8,0.3,0.0,0.2,0.7,3.7,PHI
Haywood Highsmith,22,2,0,4.5,0.5,1.0,.500,0.5,1.0,.500,0.0,0.0,,.750,0.0,0.0,,0.0,0.5,0.5,1.0,0.0,0.0,0.0,0.0,1.5,PHI
Blake Griffin,29,46,46,36.3,9.0,18.6,.482,2.4,6.7,.365,6.5,12.0,.547,.547,6.1,8.0,.760,1.3,6.8,8.1,5.2,0.8,0.5,3.8,2.8,26.5,DET
Andre Drummond,25,45,45,33.0,6.9,13.8,.499,0.1,0.7,.133,6.8,13.2,.518,.502,2.6,4.8,.528,5.2,9.6,14.9,1.2,1.6,1.6,2.5,3.4,16.5,DET
Reggie Bullock,27,40,40,30.8,4.1,10.1,.408,2.5,6.6,.379,1.6,3.5,.464,.532,1.3,1.5,.879,0.5,2.2,2.7,2.5,0.5,0.1,1.2,1.8,12.0,DET
Reggie Jackson,28,48,48,28.7,4.8,12.2,.395,1.9,5.6,.342,2.9,6.6,.440,.474,2.5,3.0,.859,0.6,2.2,2.8,4.2,0.7,0.1,1.8,2.9,14.1,DET
Ish Smith,30,25,0,23.2,3.6,8.8,.403,1.1,3.2,.333,2.5,5.6,.443,.464,0.5,0.7,.667,0.0,1.8,1.8,2.8,0.4,0.3,1.0,2.2,8.7,DET
Langston Galloway,27,46,1,21.9,2.8,7.5,.382,1.6,4.9,.335,1.2,2.6,.471,.491,0.9,1.1,.820,0.7,1.7,2.4,1.1,0.5,0.1,0.3,1.6,8.2,DET
Bruce Brown,22,41,24,20.1,2.0,5.0,.393,0.4,1.4,.288,1.6,3.6,.435,.434,0.8,1.0,.756,0.8,2.3,3.0,1.4,0.5,0.5,0.7,2.6,5.1,DET
Luke Kennard,22,30,9,20.0,3.1,7.2,.424,1.3,3.5,.371,1.8,3.7,.473,.514,0.6,0.9,.731,0.2,2.7,2.9,1.3,0.4,0.2,0.9,1.2,8.1,DET
Stanley Johnson,22,43,7,19.8,2.8,7.4,.381,1.0,3.8,.262,1.8,3.6,.506,.448,0.9,1.1,.792,0.5,3.1,3.7,1.2,1.0,0.3,1.2,1.9,7.5,DET
Zaza Pachulia,34,38,3,14.8,1.4,3.3,.429,0.0,0.1,.000,1.4,3.2,.443,.429,1.7,2.2,.765,2.0,2.8,4.8,1.5,0.7,0.3,0.9,2.5,4.6,DET
Jose Calderon,37,40,0,14.6,1.0,2.9,.360,0.3,1.4,.236,0.7,1.5,.475,.417,0.2,0.3,.818,0.2,1.1,1.4,2.7,0.4,0.1,0.9,1.5,2.6,DET
Glenn Robinson,25,29,16,14.1,1.5,3.9,.381,0.4,1.4,.275,1.1,2.5,.438,.429,0.9,1.1,.839,0.3,1.0,1.3,0.4,0.3,0.2,0.4,1.0,4.2,DET
Henry Ellenson,22,2,0,12.5,2.0,5.0,.400,1.0,2.0,.500,1.0,3.0,.333,.500,1.0,1.0,1.000,0.0,4.5,4.5,0.5,0.0,0.0,0.0,1.0,6.0,DET
Jon Leuer,29,31,1,11.1,1.9,3.2,.606,0.0,0.3,.000,1.9,2.9,.667,.606,0.7,0.9,.759,0.7,2.0,2.7,0.4,0.4,0.1,0.7,1.6,4.6,DET
Khyri Thomas,22,13,0,8.5,1.1,2.6,.412,0.6,1.4,.444,0.5,1.2,.375,.529,0.5,0.7,.667,0.2,0.8,0.9,0.2,0.3,0.2,0.2,0.8,3.2,DET
Kalin Lucas,29,1,0,6.0,0.0,1.0,.000,0.0,1.0,.000,0.0,0.0,,.000,2.0,2.0,1.000,0.0,3.0,3.0,1.0,0.0,0.0,0.0,1.0,2.0,DET
Zach Lofton,26,1,0,4.0,0.0,1.0,.000,0.0,1.0,.000,0.0,0.0,,.000,0.0,0.0,,0.0,0.0,0.0,0.0,1.0,0.0,1.0,0.0,0.0,DET
Victor Oladipo,26,36,36,31.9,6.9,16.3,.423,2.1,6.0,.343,4.9,10.3,.470,.486,2.9,3.9,.730,0.6,5.0,5.6,5.2,1.7,0.3,2.3,2.0,18.8,IND
Bojan Bogdanovic,29,48,48,31.7,5.7,11.6,.489,1.9,4.4,.429,3.8,7.2,.526,.571,2.8,3.4,.824,0.5,3.6,4.1,1.7,0.9,0.0,1.5,1.7,16.1,IND
Thaddeus Young,30,48,48,30.1,5.5,10.3,.536,0.5,1.5,.329,5.1,8.9,.570,.559,1.1,1.9,.600,2.3,3.9,6.2,1.8,1.6,0.5,1.2,2.4,12.7,IND
Myles Turner,22,43,43,28.2,5.2,10.3,.501,0.9,2.1,.402,4.3,8.2,.527,.543,1.6,2.3,.690,1.4,5.8,7.3,1.7,0.6,2.8,1.5,2.6,12.8,IND
Darren Collison,31,48,48,27.7,3.6,7.8,.457,1.0,2.4,.402,2.6,5.4,.482,.520,1.8,2.1,.824,0.4,2.5,2.9,5.8,1.5,0.2,1.5,1.8,9.9,IND
Cory Joseph,27,48,0,25.5,3.0,6.8,.448,0.8,2.3,.370,2.2,4.5,.486,.509,0.4,0.5,.692,0.4,3.1,3.5,3.8,1.1,0.2,1.2,1.6,7.3,IND
Domantas Sabonis,22,46,5,25.2,5.8,9.5,.616,0.2,0.2,.778,5.7,9.3,.613,.624,3.0,4.0,.753,2.7,6.8,9.5,2.8,0.7,0.5,2.2,3.1,14.8,IND
Tyreke Evans,29,44,12,20.6,3.9,9.9,.395,1.2,3.4,.360,2.7,6.5,.414,.457,1.8,2.4,.769,0.5,2.2,2.8,2.3,1.0,0.2,1.8,1.7,10.9,IND
Doug McDermott,27,48,0,17.4,2.4,5.0,.473,1.1,2.8,.393,1.3,2.2,.577,.584,0.9,1.0,.875,0.2,1.1,1.3,0.9,0.2,0.1,0.6,1.4,6.7,IND
Aaron Holiday,22,29,0,10.2,1.9,4.6,.403,0.6,2.3,.269,1.2,2.3,.537,.470,0.8,0.9,.885,0.1,1.4,1.5,1.3,0.4,0.3,0.6,1.1,5.1,IND
T.J. Leaf,21,27,0,7.6,1.2,2.4,.500,0.1,0.6,.188,1.1,1.9,.600,.523,0.2,0.4,.545,0.6,1.3,1.8,0.4,0.1,0.2,0.3,0.7,2.8,IND
Kyle O'Quinn,28,26,0,7.3,1.3,2.8,.472,0.0,0.4,.100,1.3,2.4,.532,.479,0.3,0.4,.900,0.7,1.7,2.3,1.2,0.1,0.5,0.6,1.3,3.0,IND
Edmond Sumner,23,9,0,3.8,0.2,0.9,.250,0.1,0.4,.250,0.1,0.4,.250,.313,0.0,0.2,.000,0.2,0.1,0.3,0.1,0.1,0.0,0.4,0.6,0.6,IND
Alize Johnson,22,10,0,2.9,0.2,0.9,.222,0.1,0.1,1.000,0.1,0.8,.125,.278,0.1,0.4,.250,0.1,0.7,0.8,0.0,0.0,0.1,0.0,0.3,0.6,IND
Davon Reed,23,4,0,2.5,0.0,0.3,.000,0.0,0.0,,0.0,0.3,.000,.000,0.0,0.0,,0.0,0.0,0.0,0.0,0.0,0.0,0.0,0.3,0.0,IND
Ike Anigbogu,20,3,0,2.0,0.0,1.0,.000,0.0,0.0,,0.0,1.0,.000,.000,0.0,0.0,,0.3,0.7,1.0,0.3,0.0,0.3,0.3,0.0,0.0,IND
Kyrie Irving,26,43,43,32.6,9.0,18.0,.499,2.6,6.4,.412,6.4,11.7,.546,.572,3.0,3.6,.850,1.2,3.6,4.8,6.9,1.7,0.5,2.7,2.3,23.7,BOS
Jayson Tatum,20,49,49,31.1,6.0,13.4,.450,1.7,4.4,.383,4.4,9.1,.482,.512,2.7,3.1,.855,1.0,5.2,6.2,1.9,1.0,0.8,1.5,2.1,16.4,BOS
Al Horford,32,39,39,28.4,5.2,9.9,.525,1.2,3.2,.365,4.0,6.7,.602,.584,0.8,1.1,.767,1.7,4.8,6.5,3.6,0.8,1.4,1.7,1.9,12.4,BOS
Marcus Morris,29,45,28,27.3,5.2,11.0,.476,2.2,5.2,.422,3.0,5.8,.523,.575,2.0,2.3,.865,0.9,5.1,6.0,1.4,0.6,0.3,1.2,2.6,14.6,BOS
Marcus Smart,24,48,28,26.5,2.6,6.4,.405,1.5,4.0,.363,1.1,2.4,.478,.520,1.3,1.7,.788,0.7,2.1,2.8,3.9,1.7,0.4,1.4,2.5,7.9,BOS
Gordon Hayward,28,44,16,26.0,3.8,9.1,.420,1.2,3.7,.317,2.6,5.4,.492,.485,2.0,2.4,.848,0.8,3.8,4.6,3.4,1.0,0.3,1.5,1.4,10.8,BOS
Jaylen Brown,22,44,22,25.9,4.6,10.3,.444,1.2,3.6,.323,3.4,6.8,.508,.500,1.9,2.8,.677,0.9,3.3,4.2,1.3,0.9,0.6,1.5,2.7,12.3,BOS
Terry Rozier,24,49,6,22.6,3.1,8.2,.379,1.4,4.1,.352,1.7,4.1,.406,.466,1.0,1.2,.797,0.5,3.6,4.1,2.8,0.9,0.3,0.9,1.2,8.6,BOS
Daniel Theis,26,37,2,14.9,2.4,4.5,.536,0.4,1.1,.390,2.0,3.4,.584,.584,1.0,1.4,.731,1.5,2.5,4.0,1.1,0.3,0.5,0.6,2.7,6.3,BOS
Aron Baynes,32,31,10,14.7,1.9,4.2,.457,0.4,1.3,.317,1.5,2.8,.523,.508,1.1,1.3,.875,1.8,2.6,4.4,1.2,0.2,0.5,0.8,2.4,5.4,BOS
Semi Ojeleye,24,35,2,10.8,1.3,3.1,.421,0.5,1.8,.290,0.8,1.3,.600,.505,0.3,0.5,.667,0.4,1.2,1.6,0.3,0.2,0.1,0.3,0.7,3.4,BOS
Robert Williams,21,22,0,9.0,1.3,1.7,.757,0.0,0.0,,1.3,1.7,.757,.757,0.3,0.5,.600,0.9,1.6,2.5,0.2,0.3,1.5,0.4,1.2,2.8,BOS
Brad Wanamaker,29,21,0,8.8,1.2,2.8,.431,0.6,1.2,.500,0.6,1.5,.375,.543,0.6,0.7,.929,0.0,0.9,1.0,1.6,0.4,0.0,0.6,0.7,3.6,BOS
Guerschon Yabusele,23,27,0,5.8,0.7,1.7,.422,0.1,0.6,.235,0.6,1.0,.536,.467,0.3,0.4,.750,0.5,0.6,1.1,0.4,0.3,0.3,0.4,1.0,1.9,BOS
PJ Dozier,22,4,0,2.5,0.8,1.5,.500,0.3,0.5,.500,0.5,1.0,.500,.583,0.0,0.0,,0.5,0.5,1.0,0.0,0.0,0.0,0.0,0.3,1.8,BOS
Kemba Walker,28,48,48,34.3,8.6,19.8,.434,3.2,8.9,.357,5.4,10.9,.497,.515,4.3,5.3,.815,0.5,3.8,4.3,5.6,1.3,0.5,2.6,1.6,24.7,CHO
Nicolas Batum,30,48,48,30.9,3.4,7.2,.464,1.4,3.6,.404,1.9,3.7,.523,.563,1.2,1.4,.862,0.8,4.4,5.2,3.4,0.9,0.4,1.6,1.8,9.3,CHO
Jeremy Lamb,26,45,45,29.0,5.5,12.5,.443,1.4,4.0,.346,4.2,8.5,.488,.498,2.7,3.2,.854,0.8,4.7,5.5,2.0,1.0,0.3,1.0,2.0,15.2,CHO
Marvin Williams,32,47,47,27.7,3.6,8.6,.420,2.0,5.2,.388,1.6,3.4,.469,.537,0.9,1.2,.724,0.9,4.7,5.6,1.2,0.9,0.7,0.6,2.2,10.1,CHO
Cody Zeller,26,35,35,24.5,3.7,6.6,.558,0.1,0.5,.313,3.5,6.1,.577,.569,1.8,2.2,.842,2.1,4.2,6.2,2.1,0.7,0.8,1.3,3.2,9.3,CHO
Michael Kidd-Gilchrist,25,41,1,19.9,3.0,6.1,.486,0.2,0.8,.323,2.7,5.3,.509,.506,1.9,2.5,.762,1.8,2.9,4.6,0.9,0.5,0.8,0.8,2.7,8.0,CHO
Miles Bridges,20,46,0,18.9,2.5,5.7,.445,0.7,2.4,.294,1.8,3.3,.552,.506,0.8,1.1,.745,0.6,3.0,3.6,1.0,0.5,0.6,0.6,1.2,6.6,CHO
Tony Parker,36,42,0,18.5,3.8,8.5,.454,0.2,0.9,.222,3.6,7.6,.480,.465,1.8,2.5,.724,0.2,1.3,1.5,3.9,0.4,0.1,1.3,1.0,9.7,CHO
Malik Monk,20,45,0,18.3,3.5,8.8,.394,1.6,4.7,.335,1.9,4.1,.462,.484,1.5,1.6,.892,0.2,1.5,1.7,1.8,0.6,0.2,1.3,1.4,10.0,CHO
Bismack Biyombo,26,23,11,14.8,1.9,3.2,.589,0.0,0.0,,1.9,3.2,.589,.589,1.1,1.7,.641,1.7,3.5,5.2,0.6,0.3,1.1,0.7,2.1,4.8,CHO
Willy Hernangomez,24,40,2,14.1,2.8,5.4,.523,0.3,0.7,.464,2.5,4.7,.532,.554,1.8,2.6,.686,2.1,3.7,5.7,1.0,0.3,0.4,1.0,1.9,7.7,CHO
J.P. Macura,23,1,0,14.0,2.0,8.0,.250,0.0,4.0,.000,2.0,4.0,.500,.250,0.0,0.0,,0.0,2.0,2.0,2.0,0.0,0.0,0.0,0.0,4.0,CHO
Devonte' Graham,23,27,3,12.6,1.5,4.0,.383,0.7,2.2,.339,0.8,1.8,.438,.477,0.5,0.6,.824,0.1,1.0,1.1,2.1,0.6,0.0,0.6,1.0,4.3,CHO
Frank Kaminsky,25,23,0,11.4,2.0,4.0,.495,0.6,1.7,.350,1.4,2.3,.604,.570,1.0,1.4,.667,0.8,1.7,2.5,1.1,0.2,0.2,0.8,1.1,5.6,CHO
Dwayne Bacon,23,23,0,10.6,1.8,3.4,.532,0.5,1.0,.545,1.3,2.5,.526,.608,0.4,0.5,.833,0.1,1.4,1.5,0.7,0.1,0.0,0.5,1.1,4.6,CHO
Aaron Gordon,23,46,46,33.6,6.0,13.2,.456,1.5,4.3,.355,4.5,8.8,.506,.515,2.3,3.2,.725,1.7,5.9,7.7,3.4,0.7,0.7,1.9,2.3,15.9,ORL
Nikola Vucevic,28,49,49,31.2,8.6,16.6,.518,1.2,3.1,.375,7.4,13.5,.551,.553,2.2,2.9,.771,2.7,9.3,12.0,3.8,1.0,1.1,2.0,2.0,20.6,ORL
Evan Fournier,26,49,49,31.2,5.6,13.2,.427,1.9,5.9,.328,3.7,7.3,.506,.499,1.6,2.1,.777,0.5,2.5,3.0,3.5,0.9,0.2,2.0,2.9,14.8,ORL
D.J. Augustin,31,49,49,28.0,3.7,8.0,.464,1.7,4.0,.433,2.0,4.1,.495,.571,2.4,2.8,.862,0.5,1.6,2.1,4.7,0.6,0.0,1.6,1.4,11.6,ORL
Terrence Ross,27,50,0,26.4,5.2,12.1,.432,2.3,6.1,.375,2.9,6.0,.490,.526,1.2,1.4,.833,0.3,2.9,3.2,1.6,0.9,0.4,1.1,1.7,13.9,ORL
Jonathan Isaac,21,44,33,25.5,2.9,7.1,.409,0.8,2.7,.280,2.2,4.4,.487,.462,1.5,1.8,.835,1.1,3.8,5.0,1.0,0.8,1.1,1.0,2.0,8.1,ORL
Jonathon Simmons,29,40,9,20.7,2.6,7.0,.368,0.5,2.0,.228,2.1,5.0,.423,.400,1.4,1.7,.794,0.6,1.9,2.4,2.3,0.5,0.4,1.4,1.6,7.0,ORL
Jerian Grant,26,43,1,17.7,1.5,3.9,.389,0.6,1.9,.325,0.9,2.0,.452,.470,0.5,0.7,.667,0.4,1.4,1.8,3.0,0.9,0.1,1.0,1.5,4.1,ORL
Wesley Iwundu,24,37,12,16.7,1.5,4.0,.381,0.3,1.0,.289,1.2,2.9,.413,.418,1.2,1.5,.807,0.4,1.7,2.1,0.8,0.4,0.2,0.6,1.7,4.6,ORL
Mohamed Bamba,20,45,1,16.4,2.5,5.2,.481,0.4,1.5,.294,2.1,3.7,.557,.523,0.8,1.3,.567,1.3,3.6,4.9,0.9,0.3,1.4,0.9,2.1,6.2,ORL
Isaiah Briscoe,22,26,0,10.6,1.2,2.9,.395,0.2,0.6,.375,0.9,2.3,.400,.434,0.2,0.6,.400,0.1,1.0,1.1,1.5,0.1,0.0,0.5,1.4,2.8,ORL
Khem Birch,26,20,0,8.9,1.0,1.9,.500,0.0,0.1,.000,1.0,1.9,.514,.500,0.8,1.0,.789,0.8,1.7,2.4,0.6,0.3,0.5,0.2,0.8,2.7,ORL
Jarell Martin,24,28,1,8.4,1.1,2.5,.423,0.4,1.1,.333,0.7,1.5,.488,.493,0.3,0.3,.875,0.3,1.4,1.6,0.5,0.1,0.3,0.4,1.1,2.8,ORL
Melvin Frazier,22,3,0,5.3,0.0,1.0,.000,0.0,0.3,.000,0.0,0.7,.000,.000,0.0,0.0,,0.0,0.3,0.3,0.0,0.3,0.0,0.3,1.0,0.0,ORL
Troy Caupain,23,2,0,4.5,1.0,2.0,.500,0.5,1.0,.500,0.5,1.0,.500,.625,0.0,0.0,,0.0,1.0,1.0,1.5,0.5,0.0,0.0,0.0,2.5,ORL
Amile Jefferson,25,1,0,4.0,0.0,1.0,.000,0.0,0.0,,0.0,1.0,.000,.000,2.0,2.0,1.000,1.0,0.0,1.0,0.0,0.0,0.0,0.0,1.0,2.0,ORL
Josh Richardson,25,46,46,34.5,6.0,14.8,.405,2.5,6.6,.374,3.5,8.2,.430,.488,3.0,3.5,.863,0.7,3.0,3.7,3.9,1.1,0.5,1.7,2.8,17.5,MIA
Justise Winslow,22,43,30,29.2,4.8,11.0,.435,1.4,3.6,.394,3.3,7.3,.456,.500,1.5,2.3,.657,0.9,4.4,5.3,4.1,1.0,0.3,2.1,2.5,12.5,MIA
Goran Dragic,32,14,14,29.1,5.5,13.4,.410,1.6,5.0,.314,3.9,8.4,.466,.468,2.7,3.6,.760,0.6,2.5,3.1,4.9,0.7,0.3,2.5,2.1,15.3,MIA
Rodney McGruder,27,46,44,26.2,3.3,8.1,.408,1.4,3.8,.369,1.9,4.3,.442,.495,0.8,1.1,.755,0.9,2.8,3.7,2.1,0.6,0.2,1.2,2.1,8.8,MIA
Hassan Whiteside,29,42,42,25.7,5.5,10.1,.541,0.0,0.4,.133,5.4,9.7,.556,.544,1.7,4.0,.428,3.7,8.7,12.4,0.9,0.6,2.3,1.6,2.8,12.6,MIA
Tyler Johnson,26,40,7,25.6,4.0,9.2,.434,1.7,4.7,.369,2.3,4.6,.500,.527,1.5,2.1,.682,0.4,2.4,2.8,2.6,1.0,0.5,1.4,1.7,11.2,MIA
Dwyane Wade,37,39,0,25.4,5.2,12.1,.427,1.2,3.7,.329,4.0,8.5,.470,.477,2.2,3.2,.696,0.8,2.9,3.7,4.3,0.6,0.5,2.3,1.7,13.8,MIA
Bam Adebayo,21,48,6,22.0,3.0,5.4,.554,0.0,0.2,.111,3.0,5.2,.570,.556,2.0,2.8,.735,2.1,4.6,6.7,2.0,0.8,0.8,1.4,2.5,8.0,MIA
Wayne Ellington,31,23,11,21.6,2.7,7.4,.371,2.3,6.2,.371,0.4,1.2,.370,.526,0.6,0.7,.875,0.3,1.6,1.9,1.2,1.0,0.1,0.6,1.7,8.4,MIA
James Johnson,31,32,30,21.2,3.1,7.2,.424,1.0,2.8,.352,2.1,4.5,.469,.491,0.8,1.1,.743,0.4,2.8,3.2,2.3,0.6,0.4,1.2,2.0,7.9,MIA
Kelly Olynyk,27,45,5,19.6,2.8,6.3,.446,1.3,4.1,.326,1.5,2.2,.663,.551,1.9,2.4,.778,0.9,3.2,4.2,1.6,0.6,0.3,1.3,2.2,8.8,MIA
Derrick Jones,21,37,5,18.1,2.8,5.5,.510,0.5,1.4,.365,2.3,4.1,.559,.556,1.2,2.0,.616,1.8,2.6,4.4,0.5,0.8,0.7,0.7,1.9,7.4,MIA
Dion Waiters,27,10,0,18.0,3.6,8.3,.434,1.5,4.7,.319,2.1,3.6,.583,.524,0.1,0.7,.143,0.1,2.0,2.1,2.0,0.3,0.1,1.0,0.7,8.8,MIA
Duncan Robinson,24,4,0,7.3,0.5,1.5,.333,0.5,1.5,.333,0.0,0.0,,.500,0.0,0.0,,0.0,1.3,1.3,0.0,0.3,0.0,0.0,0.3,1.5,MIA
Udonis Haslem,38,3,0,4.7,0.7,2.0,.333,0.0,0.7,.000,0.7,1.3,.500,.333,0.0,0.0,,0.3,1.3,1.7,0.0,0.0,0.0,0.7,1.0,1.3,MIA
Trevor Ariza,33,19,19,38.1,5.1,13.5,.377,2.5,7.8,.315,2.6,5.7,.463,.469,2.5,3.1,.810,0.8,5.2,6.0,4.3,1.6,0.2,1.8,2.1,15.2,WAS
Bradley Beal,25,49,49,37.2,9.1,19.6,.466,2.6,7.2,.355,6.6,12.4,.530,.531,3.7,4.8,.785,1.1,3.9,5.1,5.0,1.4,0.8,2.8,2.9,24.6,WAS
John Wall,28,32,32,34.5,7.7,17.3,.444,1.6,5.3,.302,6.1,12.0,.507,.490,3.8,5.5,.697,0.5,3.2,3.6,8.7,1.5,0.9,3.8,2.2,20.7,WAS
Otto Porter,25,37,25,29.1,5.0,10.8,.462,1.6,4.3,.384,3.3,6.5,.515,.539,1.2,1.5,.786,0.9,4.7,5.6,1.9,1.5,0.5,1.0,1.8,12.8,WAS
Jeff Green,32,47,24,27.6,4.2,8.8,.475,1.4,3.9,.376,2.7,4.9,.552,.557,2.1,2.3,.890,0.9,3.6,4.6,1.8,0.5,0.4,1.3,2.2,11.9,WAS
Kelly Oubre,23,29,7,26.0,4.6,10.5,.433,1.4,4.6,.311,3.1,6.0,.526,.500,2.3,2.9,.800,0.8,3.6,4.4,0.7,0.9,0.7,1.0,2.4,12.9,WAS
Markieff Morris,29,34,15,26.0,4.2,9.6,.436,1.4,4.2,.333,2.8,5.4,.516,.509,1.7,2.1,.781,1.2,3.9,5.1,1.8,0.7,0.6,1.4,3.4,11.5,WAS
Dwight Howard,33,9,9,25.6,4.8,7.7,.623,0.0,0.0,,4.8,7.7,.623,.623,3.2,5.3,.604,2.7,6.6,9.2,0.4,0.8,0.4,1.8,3.8,12.8,WAS
Tomas Satoransky,27,49,23,23.8,2.9,5.9,.495,0.8,1.8,.420,2.1,4.1,.528,.559,1.3,1.6,.810,0.8,2.1,2.9,3.9,1.0,0.2,1.2,2.0,7.9,WAS
Austin Rivers,26,29,2,23.6,2.6,6.7,.392,1.1,3.7,.311,1.5,3.0,.489,.477,0.9,1.6,.543,0.4,2.1,2.4,2.0,0.6,0.3,1.2,2.5,7.2,WAS
Thomas Bryant,21,39,33,19.0,3.8,5.8,.662,0.3,0.9,.382,3.5,4.9,.712,.691,1.4,1.7,.809,1.4,4.3,5.7,1.0,0.4,0.7,0.7,1.5,9.4,WAS
Sam Dekker,24,21,0,16.4,3.0,5.9,.516,0.3,1.0,.300,2.8,5.0,.558,.540,0.4,0.8,.563,1.1,2.0,3.1,0.9,1.0,0.2,0.4,0.9,6.8,WAS
Chasson Randle,25,19,0,15.3,1.9,4.4,.446,0.9,2.2,.439,1.0,2.2,.452,.554,1.2,1.6,.733,0.3,0.9,1.3,2.1,0.5,0.1,1.1,1.9,6.0,WAS
Ian Mahinmi,32,28,6,14.4,1.4,2.8,.494,0.0,0.4,.083,1.3,2.3,.569,.500,1.4,2.1,.678,1.4,2.2,3.6,0.8,0.8,0.5,0.6,2.3,4.2,WAS
Ron Baker,25,4,0,11.3,0.0,1.0,.000,0.0,1.0,.000,0.0,0.0,,.000,0.0,0.0,,0.0,1.0,1.0,0.5,0.3,0.3,0.5,0.5,0.0,WAS
Jason Smith,32,12,1,10.8,1.3,3.1,.405,0.3,0.8,.400,0.9,2.3,.407,.459,0.8,1.0,.833,0.9,2.2,3.1,1.0,0.1,0.4,0.6,1.8,3.7,WAS
Devin Robinson,23,4,0,8.0,2.0,3.3,.615,0.0,0.0,,2.0,3.3,.615,.615,0.8,1.5,.500,0.5,1.3,1.8,0.5,0.8,0.3,0.0,0.5,4.8,WAS
Troy Brown,19,26,0,7.3,0.9,2.2,.397,0.2,0.5,.308,0.7,1.7,.422,.431,0.5,0.6,.750,0.2,1.1,1.2,0.9,0.3,0.0,0.2,0.6,2.4,WAS
Jordan McRae,27,10,0,4.0,0.2,1.4,.143,0.0,0.3,.000,0.2,1.1,.182,.143,0.0,0.0,,0.1,0.4,0.5,0.2,0.1,0.1,0.0,0.0,0.4,WAS
Okaro White,26,3,0,2.0,0.0,0.7,.000,0.0,0.7,.000,0.0,0.0,,.000,0.0,0.0,,0.3,0.3,0.7,0.0,0.0,0.0,0.0,0.0,0.0,WAS
Gary Payton,26,1,0,1.0,0.0,0.0,,0.0,0.0,,0.0,0.0,,,0.0,0.0,,0.0,0.0,0.0,0.0,0.0,0.0,0.0,0.0,0.0,WAS
Joe Harris,27,46,46,29.8,4.9,9.9,.495,2.4,5.1,.468,2.5,4.8,.523,.614,1.3,1.5,.829,0.8,3.0,3.8,2.5,0.6,0.2,1.6,2.7,13.4,BRK
Caris LeVert,24,14,14,29.7,6.9,14.6,.475,1.4,4.4,.311,5.6,10.2,.545,.522,3.1,4.4,.721,1.0,3.3,4.3,3.7,1.2,0.4,2.1,2.4,18.4,BRK
D'Angelo Russell,22,49,49,29.6,7.5,17.1,.438,2.7,7.2,.376,4.8,10.0,.483,.517,1.5,1.8,.809,0.5,3.3,3.8,6.4,1.1,0.3,2.9,1.7,19.2,BRK
Spencer Dinwiddie,25,49,4,28.6,5.6,12.2,.461,2.0,5.3,.366,3.7,6.8,.536,.542,4.0,5.1,.795,0.4,2.0,2.5,5.0,0.6,0.2,2.3,2.8,17.2,BRK
Jarrett Allen,20,48,48,26.8,4.3,7.6,.573,0.1,0.6,.133,4.3,6.9,.613,.579,2.6,3.5,.741,2.6,6.1,8.8,1.4,0.6,1.5,1.4,2.3,11.4,BRK
Allen Crabbe,26,28,15,26.1,3.0,8.9,.343,2.3,6.0,.387,0.7,2.9,.250,.474,1.1,1.4,.789,0.5,3.0,3.5,1.1,0.6,0.3,1.1,2.4,9.5,BRK
DeMarre Carroll,32,38,0,24.9,3.3,8.5,.392,1.6,4.6,.347,1.7,3.9,.446,.486,2.7,3.6,.750,1.0,3.9,5.0,1.1,0.3,0.1,1.1,1.6,11.0,BRK
Rondae Hollis-Jefferson,24,39,19,22.5,3.4,8.6,.395,0.2,0.9,.229,3.2,7.7,.415,.407,2.2,3.4,.659,1.4,4.1,5.5,1.8,0.8,0.5,1.1,1.9,9.2,BRK
Treveon Graham,25,13,7,22.2,1.7,5.4,.314,0.8,3.4,.227,0.9,2.0,.462,.386,0.8,0.9,.833,0.9,2.2,3.2,0.8,0.3,0.3,1.0,2.1,4.9,BRK
Jared Dudley,33,43,25,22.0,1.8,4.4,.405,0.9,2.8,.322,0.9,1.6,.551,.508,0.5,0.8,.629,0.6,2.2,2.8,1.5,0.7,0.3,0.9,2.4,5.0,BRK
Rodions Kurucs,20,33,21,20.6,3.7,7.2,.508,0.8,2.5,.321,2.8,4.7,.610,.565,1.4,1.5,.900,0.9,2.6,3.5,0.7,0.6,0.3,1.2,2.3,9.5,BRK
Ed Davis,29,49,1,18.4,2.4,3.9,.624,0.0,0.0,.000,2.4,3.8,.631,.624,1.1,1.9,.558,3.0,5.7,8.7,0.8,0.5,0.4,0.9,2.9,5.9,BRK
Shabazz Napier,27,38,1,16.7,2.8,7.2,.397,1.2,3.3,.362,1.6,3.8,.428,.482,2.1,2.5,.851,0.3,1.4,1.8,2.0,0.8,0.3,1.1,1.2,9.0,BRK
Theo Pinson,23,8,0,12.3,1.5,3.9,.387,0.5,2.0,.250,1.0,1.9,.533,.452,1.3,1.3,1.000,0.3,2.0,2.3,1.8,0.4,0.0,0.9,0.9,4.8,BRK
Kenneth Faried,29,12,0,9.8,2.1,3.5,.595,0.1,0.4,.200,2.0,3.1,.649,.607,0.8,1.3,.625,1.3,2.4,3.7,0.2,0.2,0.3,0.5,0.7,5.1,BRK
Alan Williams,26,1,0,9.0,3.0,4.0,.750,0.0,0.0,,3.0,4.0,.750,.750,2.0,4.0,.500,2.0,6.0,8.0,2.0,0.0,0.0,1.0,0.0,8.0,BRK
Dzanan Musa,19,7,0,3.7,0.9,2.0,.429,0.0,0.9,.000,0.9,1.1,.750,.429,0.0,0.3,.000,0.1,0.3,0.4,0.1,0.3,0.0,0.4,0.1,1.7,BRK
Mitch Creek,26,1,0,0.0,0.0,0.0,,0.0,0.0,,0.0,0.0,,,1.0,2.0,.500,0.0,0.0,0.0,0.0,0.0,0.0,0.0,0.0,1.0,BRK
Tim Hardaway,26,44,44,32.7,6.2,16.0,.388,2.6,7.5,.348,3.6,8.5,.424,.469,4.5,5.2,.857,0.6,2.8,3.4,2.6,0.9,0.1,1.8,2.3,19.5,NYK
Kevin Knox,19,41,23,27.1,4.2,11.5,.369,1.6,4.7,.339,2.7,6.8,.391,.438,1.9,2.8,.693,0.9,3.4,4.2,0.9,0.5,0.3,1.3,2.4,12.0,NYK
Emmanuel Mudiay,22,39,32,26.6,5.6,12.4,.453,1.1,3.4,.308,4.6,9.0,.509,.496,2.4,3.2,.760,0.6,2.4,3.1,3.9,0.8,0.3,2.1,1.8,14.7,NYK
Noah Vonleh,23,48,41,26.6,3.1,6.7,.467,0.8,2.2,.381,2.3,4.5,.509,.530,1.8,2.5,.711,1.9,6.7,8.6,2.0,0.8,0.9,1.4,2.8,8.9,NYK
Enes Kanter,26,42,23,26.3,5.9,10.8,.541,0.2,0.5,.333,5.7,10.3,.551,.548,2.5,3.0,.819,4.0,6.8,10.8,2.0,0.4,0.4,1.8,2.5,14.4,NYK
Damyean Dotson,24,39,10,25.2,3.6,8.2,.437,1.4,3.7,.377,2.2,4.4,.488,.524,0.9,1.2,.708,0.6,2.9,3.5,1.4,0.9,0.1,0.7,1.7,9.4,NYK
Allonzo Trier,23,41,3,22.3,3.6,8.0,.454,0.7,1.7,.391,3.0,6.3,.471,.495,2.7,3.2,.832,0.6,2.4,3.0,2.0,0.5,0.3,1.8,1.7,10.5,NYK
Frank Ntilikina,20,41,16,21.3,2.3,6.7,.342,0.8,2.7,.291,1.5,4.0,.376,.400,0.5,0.7,.750,0.2,1.8,2.0,2.8,0.7,0.3,1.3,2.4,5.9,NYK
Trey Burke,26,31,5,20.4,4.4,10.7,.411,0.9,2.6,.350,3.5,8.2,.431,.453,2.0,2.3,.847,0.5,1.4,1.9,2.8,0.6,0.1,0.9,1.0,11.7,NYK
Mario Hezonja,23,40,11,18.4,2.9,7.3,.397,0.7,2.5,.283,2.2,4.8,.455,.445,1.1,1.6,.683,0.4,3.0,3.5,1.0,1.0,0.1,1.1,1.8,7.5,NYK
Mitchell Robinson,20,33,12,17.1,2.2,3.3,.673,0.0,0.0,,2.2,3.3,.673,.673,0.6,1.2,.487,2.1,1.8,3.9,0.6,0.7,1.9,0.5,3.2,5.1,NYK
Lance Thomas,30,21,9,15.9,1.3,3.2,.397,0.2,1.1,.208,1.0,2.1,.500,.434,0.7,0.8,.882,0.5,2.1,2.6,0.5,0.7,0.3,0.6,2.0,3.5,NYK
Luke Kornet,23,23,9,15.2,2.3,5.4,.427,1.6,3.6,.434,0.7,1.8,.415,.573,0.8,1.0,.826,0.6,1.9,2.5,1.3,0.6,0.5,0.6,0.8,7.0,NYK
Courtney Lee,33,12,2,13.3,1.8,3.9,.447,0.4,1.3,.313,1.3,2.6,.516,.500,0.8,1.2,.643,0.5,1.8,2.3,1.3,0.7,0.2,0.4,1.1,4.7,NYK
Ron Baker,25,11,0,9.7,0.4,1.5,.250,0.1,0.8,.111,0.3,0.6,.429,.281,0.5,0.5,.833,0.1,0.5,0.6,1.2,0.5,0.0,0.3,1.5,1.3,NYK
John Collins,21,32,30,30.0,7.9,13.3,.593,0.9,2.3,.387,7.0,10.9,.637,.627,2.7,3.8,.719,3.7,6.4,10.2,2.3,0.3,0.3,2.1,3.4,19.4,ATL
Trae Young,20,48,48,29.8,5.6,14.0,.402,1.5,5.3,.290,4.1,8.7,.470,.457,3.4,4.2,.803,0.6,2.5,3.1,7.3,0.9,0.3,4.1,1.7,16.2,ATL
Kent Bazemore,29,35,30,27.4,5.1,11.5,.441,1.5,4.7,.327,3.5,6.7,.521,.509,2.3,3.1,.752,0.6,3.4,4.0,2.6,1.7,0.9,2.1,2.7,14.0,ATL
Taurean Waller-Prince,24,27,22,27.4,5.0,11.6,.428,2.2,6.1,.355,2.8,5.4,.510,.522,1.7,2.1,.839,0.4,3.7,4.1,2.0,1.1,0.3,2.2,2.8,13.9,ATL
Kevin Huerter,20,44,28,26.9,3.4,8.2,.411,1.7,4.4,.381,1.7,3.8,.446,.514,0.7,0.9,.744,0.8,2.3,3.1,2.6,0.8,0.4,1.6,2.0,9.1,ATL
DeAndre' Bembry,24,48,12,25.2,3.4,8.0,.430,0.7,2.4,.302,2.7,5.6,.485,.475,1.1,1.8,.607,0.6,3.7,4.3,2.7,1.3,0.6,1.8,2.6,8.7,ATL
Dewayne Dedmon,29,38,27,24.6,3.8,8.1,.476,1.2,3.1,.373,2.7,5.0,.540,.547,1.4,1.6,.869,1.5,5.8,7.3,1.4,1.1,1.0,1.4,3.3,10.2,ATL
Alex Len,25,44,20,20.0,4.0,8.3,.484,0.5,1.8,.291,3.5,6.5,.537,.515,1.9,2.9,.669,2.3,3.5,5.8,1.0,0.4,1.0,1.5,2.7,10.5,ATL
Jeremy Lin,30,43,1,19.9,3.6,7.7,.473,0.9,2.6,.336,2.7,5.0,.544,.530,2.8,3.3,.826,0.3,2.0,2.4,3.7,0.8,0.1,2.0,1.9,10.9,ATL
Omari Spellman,21,31,10,17.1,2.1,5.1,.411,0.9,2.5,.367,1.2,2.5,.456,.503,0.8,1.2,.722,1.6,2.5,4.2,0.9,0.6,0.6,0.8,1.5,6.0,ATL
Vince Carter,42,44,8,16.6,2.4,5.9,.406,1.5,4.0,.374,0.9,2.0,.471,.531,0.5,0.6,.714,0.5,2.3,2.8,1.0,0.6,0.3,0.7,1.8,6.8,ATL
Alex Poythress,25,18,1,13.5,1.9,3.6,.538,0.4,1.0,.389,1.6,2.6,.596,.592,0.6,1.2,.524,1.3,1.9,3.3,0.7,0.2,0.4,0.6,2.2,4.9,ATL
Daniel Hamilton,23,17,3,11.6,1.4,3.4,.397,0.5,1.3,.364,0.9,2.1,.417,.466,0.2,0.4,.500,0.6,2.1,2.7,1.2,0.4,0.1,0.9,1.0,3.4,ATL
Miles Plumlee,30,18,0,9.6,1.8,2.7,.667,0.0,0.0,,1.8,2.7,.667,.667,0.9,1.7,.533,0.9,1.3,2.2,0.9,0.3,0.2,0.6,0.8,4.4,ATL
Tyler Dorsey,22,26,0,9.6,1.2,3.4,.360,0.4,1.5,.256,0.8,1.9,.440,.416,0.6,0.9,.625,0.3,1.3,1.7,0.7,0.3,0.0,0.4,0.8,3.4,ATL
Justin Anderson,25,25,0,8.9,1.2,3.0,.382,0.3,1.5,.216,0.8,1.6,.538,.434,0.5,0.7,.722,0.4,1.2,1.6,0.4,0.4,0.3,0.5,1.0,3.2,ATL
Jaylen Adams,22,9,0,4.8,0.3,1.1,.300,0.2,0.7,.333,0.1,0.4,.250,.400,0.0,0.0,,0.0,0.3,0.3,0.7,0.3,0.1,0.1,0.4,0.9,ATL
Justin Holiday,29,38,38,34.9,4.0,10.4,.383,2.6,7.1,.359,1.4,3.3,.435,.506,1.1,1.2,.891,0.5,3.9,4.4,2.2,1.8,0.6,1.2,2.1,11.6,CHI
Zach LaVine,23,44,43,33.9,8.0,17.9,.450,1.8,5.1,.344,6.3,12.8,.492,.499,5.0,5.8,.867,0.5,3.9,4.4,4.2,1.0,0.4,3.5,2.3,22.9,CHI
Lauri Markkanen,21,27,26,31.4,6.3,14.6,.431,2.6,6.6,.395,3.7,8.0,.461,.520,2.0,2.3,.841,1.1,6.3,7.4,0.9,0.9,0.8,1.6,2.1,17.1,CHI
Kris Dunn,24,24,22,30.8,5.0,11.5,.435,0.5,1.6,.308,4.5,9.9,.456,.457,1.5,1.8,.814,0.2,4.0,4.2,6.5,1.6,0.5,2.4,3.8,12.0,CHI
Jabari Parker,23,37,17,27.2,5.7,12.1,.469,1.0,3.0,.324,4.7,9.1,.516,.509,2.1,2.9,.736,1.1,5.2,6.2,2.2,0.6,0.3,2.2,2.2,14.4,CHI
Ryan Arcidiacono,24,49,23,25.2,2.0,4.7,.426,1.2,3.2,.387,0.8,1.5,.507,.557,0.8,0.9,.889,0.3,2.0,2.3,3.4,1.0,0.0,0.8,2.2,6.0,CHI
Wendell Carter,19,44,44,25.2,4.1,8.4,.485,0.1,0.7,.188,4.0,7.7,.513,.493,2.0,2.5,.795,2.0,5.0,7.0,1.8,0.6,1.3,1.5,3.5,10.3,CHI
Bobby Portis,23,19,6,23.6,4.9,11.7,.422,1.1,3.2,.350,3.8,8.6,.448,.469,1.6,2.2,.732,2.2,5.3,7.5,1.4,0.4,0.4,1.3,2.5,12.6,CHI
Chandler Hutchison,22,44,14,20.3,2.2,4.8,.459,0.3,1.1,.280,1.9,3.6,.516,.493,0.5,0.9,.605,0.7,3.5,4.2,0.8,0.5,0.1,0.6,1.3,5.2,CHI
Wayne Selden,24,11,1,18.2,2.1,4.7,.442,0.6,1.7,.368,1.5,3.0,.485,.510,0.6,1.1,.583,0.3,1.4,1.6,1.3,0.4,0.1,0.9,1.6,5.5,CHI
Cameron Payne,24,31,12,17.3,2.2,5.4,.411,0.5,1.9,.271,1.7,3.5,.486,.458,0.7,0.8,.880,0.3,1.4,1.7,2.7,0.6,0.2,1.1,1.6,5.7,CHI
Shaquille Harrison,25,41,0,17.1,2.0,5.1,.385,0.3,1.3,.250,1.6,3.8,.429,.416,1.1,1.8,.625,0.4,2.3,2.6,1.6,1.2,0.3,0.7,1.6,5.3,CHI
Robin Lopez,30,42,4,16.6,2.6,5.0,.526,0.1,0.4,.294,2.5,4.6,.546,.538,0.6,0.9,.658,1.4,1.6,3.0,1.0,0.2,0.9,1.4,1.7,6.0,CHI
Antonio Blakeney,22,38,0,14.9,3.1,7.4,.423,0.8,1.8,.457,2.3,5.6,.412,.480,1.0,1.5,.679,0.1,1.5,1.7,0.6,0.3,0.2,0.7,0.7,8.1,CHI
Cristiano Felicio,26,31,0,9.5,1.1,2.0,.556,0.0,0.1,.000,1.1,2.0,.574,.556,0.5,0.7,.739,0.8,1.8,2.6,0.5,0.1,0.1,0.5,0.8,2.8,CHI
Rawle Alkins,21,2,0,2.0,0.5,2.0,.250,0.5,0.5,1.000,0.0,1.5,.000,.375,0.0,0.0,,1.5,0.0,1.5,1.0,0.5,0.0,0.0,0.0,1.5,CHI
Tyler Ulis,23,1,0,1.0,0.0,0.0,,0.0,0.0,,0.0,0.0,,,0.0,0.0,,0.0,0.0,0.0,0.0,0.0,0.0,0.0,0.0,0.0,CHI
Kevin Love,30,4,4,34.0,5.3,16.3,.323,1.8,6.0,.292,3.5,10.3,.341,.377,6.8,8.3,.818,2.5,11.0,13.5,3.5,0.3,0.3,2.5,3.5,19.0,CLE
Cedi Osman,23,49,48,31.8,4.5,10.8,.416,1.5,4.7,.320,3.0,6.0,.490,.486,1.9,2.4,.792,0.6,4.1,4.7,2.1,0.7,0.2,1.7,2.6,12.4,CLE
Tristan Thompson,27,35,35,29.8,4.9,9.4,.526,0.0,0.0,,4.9,9.4,.526,.526,1.6,2.4,.647,4.4,6.7,11.1,2.1,0.8,0.5,1.4,2.3,11.5,CLE
Collin Sexton,20,51,41,29.6,5.5,13.5,.409,0.9,2.4,.400,4.6,11.2,.411,.444,2.4,2.8,.853,0.7,2.3,3.0,2.8,0.5,0.1,2.3,2.5,14.4,CLE
Alec Burks,27,31,21,28.2,3.9,9.9,.395,1.3,3.4,.394,2.6,6.5,.396,.462,2.4,2.9,.802,0.7,4.7,5.5,2.6,0.7,0.5,1.3,1.7,11.5,CLE
Rodney Hood,26,43,43,27.3,4.4,10.3,.431,1.2,3.4,.361,3.2,6.8,.466,.491,2.3,2.6,.918,0.4,2.0,2.4,2.0,0.8,0.1,0.8,2.2,12.4,CLE
George Hill,32,13,13,26.5,4.2,8.2,.514,1.0,2.2,.464,3.2,6.1,.532,.575,1.3,1.5,.850,0.9,1.2,2.1,2.8,0.9,0.1,1.5,2.7,10.8,CLE
Jordan Clarkson,26,50,0,26.3,6.6,14.5,.452,1.7,5.2,.332,4.8,9.3,.521,.512,1.7,2.0,.848,0.9,2.3,3.3,2.3,0.7,0.2,1.6,1.6,16.5,CLE
Larry Nance,26,41,17,25.3,3.4,6.6,.517,0.3,1.0,.317,3.1,5.6,.553,.541,1.5,2.0,.723,2.2,5.2,7.4,3.0,1.4,0.7,1.3,2.9,8.6,CLE
J.R. Smith,33,11,4,20.2,2.5,7.2,.342,1.1,3.5,.308,1.4,3.6,.375,.418,0.7,0.9,.800,0.0,1.6,1.6,1.9,1.0,0.3,1.0,1.7,6.7,CLE
Cameron Payne,24,9,1,19.6,3.0,6.1,.491,1.0,2.8,.360,2.0,3.3,.600,.573,1.2,1.8,.688,0.3,1.8,2.1,2.6,0.9,0.3,1.2,1.7,8.2,CLE
Matthew Dellavedova,28,22,0,19.0,3.0,6.4,.471,1.3,3.4,.392,1.7,3.0,.561,.575,1.0,1.2,.852,0.2,1.5,1.8,3.7,0.2,0.0,1.6,1.8,8.4,CLE
Sam Dekker,24,9,5,18.8,2.4,5.3,.458,0.6,1.4,.385,1.9,3.9,.486,.510,0.9,1.1,.800,1.0,2.7,3.7,1.0,1.2,0.0,0.6,1.4,6.3,CLE
Patrick McCaw,23,3,0,17.7,0.7,3.0,.222,0.3,1.3,.250,0.3,1.7,.200,.278,0.0,0.0,,0.0,1.0,1.0,0.7,0.7,0.0,1.0,0.3,1.7,CLE
Jaron Blossomgame,25,24,4,16.9,1.8,3.9,.468,0.4,1.3,.313,1.4,2.6,.548,.521,0.4,0.5,.769,1.0,2.8,3.8,0.5,0.3,0.3,0.5,0.8,4.5,CLE
David Nwaba,26,21,6,16.4,2.0,4.7,.424,0.4,1.7,.257,1.6,3.0,.516,.470,1.5,2.4,.640,0.5,2.3,2.8,0.7,0.6,0.3,0.4,1.7,6.0,CLE
Kyle Korver,37,16,0,15.7,2.2,4.8,.461,1.6,3.4,.463,0.6,1.4,.455,.625,0.8,1.0,.813,0.0,1.8,1.8,1.1,0.2,0.1,1.1,1.4,6.8,CLE
Ante Zizic,22,35,8,15.5,2.6,4.9,.526,0.0,0.0,,2.6,4.9,.526,.526,1.5,2.1,.726,1.5,3.2,4.8,0.7,0.2,0.4,0.8,1.7,6.7,CLE
Andrew Harrison,24,10,0,14.4,1.2,3.9,.308,0.3,1.4,.214,0.9,2.5,.360,.346,1.6,1.6,1.000,0.4,1.1,1.5,1.7,0.4,0.2,1.0,2.6,4.3,CLE
Jalen Jones,25,16,0,13.4,1.6,3.9,.419,0.6,1.8,.357,1.0,2.1,.471,.500,1.2,1.7,.704,0.7,1.4,2.1,0.4,0.6,0.1,0.5,1.7,5.1,CLE
Channing Frye,35,26,5,10.3,1.2,3.3,.345,0.8,2.2,.379,0.3,1.1,.276,.471,0.3,0.5,.750,0.2,1.4,1.6,0.6,0.2,0.2,0.4,1.3,3.5,CLE
Deng Adel,21,5,0,7.8,0.8,1.2,.667,0.6,0.8,.750,0.2,0.4,.500,.917,0.0,0.0,,0.2,1.0,1.2,0.2,0.2,0.4,0.4,0.2,2.2,CLE
John Holland,30,1,0,1.0,0.0,0.0,,0.0,0.0,,0.0,0.0,,,0.0,0.0,,0.0,0.0,0.0,0.0,0.0,0.0,0.0,0.0,0.0,CLE
Tobias Harris,26,50,50,34.6,7.7,15.5,.501,2.0,4.7,.432,5.7,10.7,.531,.567,3.5,4.0,.885,0.7,7.3,7.9,2.5,0.8,0.4,1.9,2.1,21.1,LAC
Danilo Gallinari,30,44,44,31.3,5.8,12.8,.450,2.4,5.5,.446,3.3,7.4,.452,.544,5.0,5.5,.906,0.9,5.0,6.0,2.5,0.7,0.3,1.4,2.1,19.0,LAC
Avery Bradley,28,44,44,29.8,3.3,8.6,.387,1.1,3.3,.336,2.2,5.3,.420,.452,0.4,0.5,.857,0.7,1.9,2.6,2.1,0.6,0.3,1.3,2.8,8.2,LAC
Shai Gilgeous-Alexander,20,50,41,26.2,3.8,8.2,.462,0.5,1.5,.320,3.3,6.7,.494,.491,1.8,2.2,.833,0.7,2.0,2.7,2.9,1.0,0.6,1.8,2.0,9.9,LAC
Patrick Beverley,30,50,21,26.1,2.2,5.8,.377,1.3,3.5,.366,0.9,2.3,.393,.486,1.2,1.7,.738,0.8,3.6,4.4,3.5,0.7,0.5,1.1,3.4,6.9,LAC
Montrezl Harrell,25,50,2,25.8,6.2,9.9,.624,0.0,0.1,.143,6.2,9.8,.631,.625,3.3,5.2,.630,2.4,4.3,6.8,1.7,0.9,1.3,1.4,2.9,15.7,LAC
Lou Williams,32,44,0,25.5,6.0,14.3,.418,1.3,3.7,.356,4.7,10.6,.440,.464,5.4,6.0,.897,0.4,2.6,3.0,5.2,0.6,0.1,2.3,1.0,18.6,LAC
Marcin Gortat,34,43,39,16.3,2.2,4.0,.534,0.0,0.0,,2.2,4.0,.534,.534,0.8,1.1,.729,1.4,4.3,5.7,1.4,0.1,0.5,1.0,2.0,5.1,LAC
Luc Mbah a Moute,32,4,0,15.3,2.0,4.5,.444,0.5,1.5,.333,1.5,3.0,.500,.500,0.5,1.3,.400,0.5,1.3,1.8,0.5,0.3,0.3,0.5,2.0,5.0,LAC
Mike Scott,30,47,0,13.9,1.7,4.3,.394,0.9,2.5,.368,0.8,1.8,.430,.500,0.2,0.3,.625,0.5,2.8,3.3,0.8,0.4,0.2,0.5,1.6,4.5,LAC
Boban Marjanovic,30,32,9,10.3,2.3,3.9,.605,0.0,0.1,.000,2.3,3.8,.615,.605,1.9,2.5,.772,1.4,2.6,4.0,0.6,0.3,0.5,1.1,1.6,6.6,LAC
Tyrone Wallace,24,38,0,10.3,1.7,3.8,.434,0.1,0.3,.154,1.6,3.5,.462,.441,0.5,1.0,.487,0.4,1.2,1.7,0.6,0.4,0.2,0.4,1.4,3.9,LAC
Milos Teodosic,31,15,0,10.0,1.1,2.7,.425,0.7,1.8,.370,0.5,0.9,.538,.550,0.3,0.5,.571,0.2,0.9,1.1,2.1,0.2,0.1,1.4,1.8,3.2,LAC
Jerome Robinson,21,14,0,7.9,1.4,2.9,.488,0.7,1.6,.435,0.7,1.3,.556,.610,0.0,0.0,,0.1,0.8,0.9,0.2,0.1,0.1,0.1,1.3,3.6,LAC
Johnathan Motley,23,11,0,7.4,2.0,4.0,.500,0.0,0.2,.000,2.0,3.8,.524,.500,1.3,2.1,.609,1.2,1.2,2.4,0.5,0.2,0.1,0.7,1.1,5.3,LAC
Sindarius Thornwell,24,33,0,5.3,0.4,0.9,.448,0.1,0.3,.222,0.3,0.6,.550,.483,0.4,0.6,.684,0.1,0.8,0.8,0.3,0.1,0.1,0.4,0.8,1.2,LAC
Jamal Murray,21,47,46,33.5,7.0,16.1,.432,1.9,5.3,.365,5.0,10.9,.465,.492,2.6,3.1,.836,1.0,3.4,4.4,4.9,0.8,0.4,2.4,2.1,18.5,DEN
Nikola Jokic,23,47,47,31.2,7.6,15.0,.505,1.2,3.6,.322,6.4,11.3,.564,.544,3.8,4.5,.848,2.9,7.6,10.4,7.7,1.3,0.7,3.1,2.8,20.1,DEN
Gary Harris,24,30,25,29.7,5.6,12.8,.435,1.6,4.9,.329,4.0,7.9,.500,.497,2.4,2.9,.816,0.7,2.3,3.0,2.7,0.9,0.4,1.2,2.0,15.1,DEN
Paul Millsap,33,40,36,25.5,4.6,9.4,.491,0.7,2.0,.354,3.9,7.4,.527,.528,2.6,3.7,.714,2.1,4.6,6.7,1.8,1.3,0.8,1.3,2.4,12.5,DEN
Juan Hernangomez,23,46,25,24.6,2.7,5.8,.468,1.3,3.3,.399,1.4,2.5,.560,.582,1.3,1.7,.795,1.3,3.8,5.1,1.0,0.4,0.4,0.7,1.5,8.2,DEN
Monte Morris,23,48,1,24.1,4.1,8.5,.478,1.2,2.6,.441,2.9,5.9,.495,.546,0.7,0.9,.791,0.4,2.0,2.4,3.7,0.9,0.0,0.7,1.2,10.0,DEN
Will Barton,28,9,4,23.3,4.4,10.0,.444,1.9,4.2,.447,2.6,5.8,.442,.539,1.9,2.3,.810,1.0,3.7,4.7,3.0,0.2,0.6,1.3,2.7,12.7,DEN
Torrey Craig,28,43,36,23.0,2.4,5.5,.433,0.8,2.8,.292,1.6,2.7,.576,.506,0.7,1.1,.609,1.5,2.7,4.2,1.0,0.5,0.6,0.9,2.6,6.3,DEN
Malik Beasley,22,48,7,22.7,4.0,8.2,.486,1.8,4.4,.417,2.1,3.8,.566,.598,0.5,0.6,.929,0.4,2.1,2.5,1.2,0.6,0.1,0.6,1.5,10.3,DEN
Mason Plumlee,28,48,12,19.8,3.2,5.1,.618,0.0,0.1,.250,3.1,5.0,.624,.620,1.3,2.6,.516,2.0,3.9,5.9,2.6,1.0,0.9,1.5,3.1,7.7,DEN
Trey Lyles,23,46,1,19.0,3.5,8.4,.422,0.8,3.2,.257,2.7,5.2,.525,.472,1.4,2.0,.710,0.8,3.5,4.3,1.4,0.5,0.4,1.2,1.7,9.3,DEN
Nick Young,33,4,0,9.3,0.8,2.3,.333,0.8,2.0,.375,0.0,0.3,.000,.500,0.0,0.0,,0.0,0.3,0.3,0.5,0.0,0.3,0.5,1.0,2.3,DEN
Tyler Lydon,22,19,0,4.1,0.4,0.8,.500,0.2,0.5,.400,0.2,0.3,.667,.625,0.1,0.2,.333,0.3,0.5,0.7,0.2,0.1,0.0,0.2,0.5,1.1,DEN
Jarred Vanderbilt,19,1,0,4.0,0.0,0.0,,0.0,0.0,,0.0,0.0,,,1.0,2.0,.500,0.0,3.0,3.0,1.0,1.0,0.0,1.0,0.0,1.0,DEN
Brandon Goodwin,23,13,0,3.7,0.4,1.4,.278,0.2,0.3,.500,0.2,1.1,.214,.333,0.7,0.8,.818,0.1,0.2,0.2,0.9,0.0,0.0,0.2,0.5,1.6,DEN
Thomas Welsh,22,9,0,3.7,0.6,1.1,.500,0.3,0.8,.429,0.2,0.3,.667,.650,0.1,0.2,.500,0.0,0.4,0.4,0.4,0.0,0.0,0.1,0.2,1.6,DEN
DeVaughn Akoon-Purcell,25,7,0,3.1,0.4,1.4,.300,0.0,0.6,.000,0.4,0.9,.500,.300,0.1,0.3,.500,0.1,0.4,0.6,0.9,0.3,0.0,0.3,0.6,1.0,DEN
Paul George,28,48,48,36.0,9.1,20.3,.447,3.6,8.9,.402,5.5,11.4,.482,.535,5.4,6.5,.830,1.5,6.6,8.1,4.0,2.3,0.5,2.6,2.8,27.1,OKC
Russell Westbrook,30,41,41,35.4,8.3,20.0,.414,1.2,4.7,.247,7.1,15.3,.465,.443,3.9,6.0,.649,1.5,9.3,10.8,10.7,2.3,0.3,4.5,3.5,21.6,OKC
Steven Adams,25,48,48,34.1,6.5,10.6,.613,0.0,0.0,.000,6.5,10.5,.615,.613,2.4,4.3,.556,4.7,5.3,10.0,1.8,1.5,0.8,1.6,2.6,15.4,OKC
Jerami Grant,24,49,46,32.0,4.9,9.4,.519,1.1,3.1,.351,3.8,6.3,.601,.576,2.1,3.0,.699,0.9,4.0,4.9,1.0,0.9,1.4,0.8,2.7,12.9,OKC
Dennis Schroder,25,48,10,28.5,5.7,14.0,.410,1.4,4.2,.338,4.3,9.8,.440,.461,2.4,2.9,.832,0.4,3.0,3.4,4.4,1.0,0.1,2.5,2.2,15.3,OKC
Terrance Ferguson,20,42,42,23.4,2.4,5.5,.437,1.3,3.4,.389,1.0,2.0,.518,.559,0.4,0.6,.640,0.5,1.4,1.9,0.7,0.5,0.3,0.6,3.0,6.5,OKC
Alex Abrines,25,29,2,19.8,1.9,5.3,.359,1.4,4.3,.323,0.5,1.0,.517,.490,0.4,0.4,.923,0.2,1.4,1.6,0.7,0.6,0.2,0.5,1.8,5.6,OKC
Patrick Patterson,29,49,3,14.5,1.5,3.8,.385,0.8,2.4,.347,0.6,1.4,.449,.495,0.4,0.6,.621,0.7,1.7,2.4,0.6,0.3,0.2,0.3,0.7,4.1,OKC
Nerlens Noel,24,45,1,13.8,2.1,3.6,.588,0.0,0.0,,2.1,3.6,.588,.588,0.8,1.1,.729,1.7,2.8,4.5,0.5,1.0,1.3,0.6,2.2,5.0,OKC
Hamidou Diallo,20,40,2,12.1,1.7,3.8,.457,0.1,0.6,.174,1.6,3.2,.508,.470,0.8,1.4,.600,0.9,1.4,2.3,0.4,0.4,0.2,0.5,1.8,4.4,OKC
Raymond Felton,34,15,0,11.1,1.9,5.1,.368,0.4,2.0,.200,1.5,3.1,.478,.408,0.5,0.6,.889,0.2,1.2,1.4,1.8,0.4,0.3,0.7,0.9,4.7,OKC
Abdel Nader,25,31,1,9.3,1.5,3.1,.495,0.5,1.2,.389,1.1,2.0,.557,.567,0.3,0.4,.769,0.2,1.5,1.6,0.3,0.2,0.1,0.4,1.0,3.9,OKC
Deonte Burton,25,15,0,8.7,1.3,3.1,.435,0.3,0.9,.308,1.1,2.2,.485,.478,0.3,0.4,.833,0.1,1.0,1.1,0.3,0.2,0.3,0.5,1.1,3.3,OKC
Timothe Luwawu-Cabarrot,23,21,1,5.9,0.6,2.0,.302,0.2,1.0,.227,0.4,1.0,.381,.360,0.2,0.3,.667,0.2,0.7,0.9,0.2,0.2,0.0,0.2,0.7,1.7,OKC
Tyler Davis,21,1,0,1.0,0.0,1.0,.000,0.0,0.0,,0.0,1.0,.000,.000,0.0,0.0,,1.0,0.0,1.0,0.0,0.0,0.0,0.0,0.0,0.0,OKC
Marc Gasol,34,49,49,33.7,5.6,12.6,.439,1.5,4.1,.358,4.1,8.5,.478,.498,2.8,3.7,.760,1.0,7.6,8.7,4.7,1.2,1.2,2.2,2.8,15.4,MEM
Mike Conley,31,49,49,33.5,6.8,15.8,.429,2.1,6.0,.356,4.7,9.8,.473,.496,4.3,5.1,.848,0.6,2.7,3.3,6.2,1.4,0.3,1.9,1.8,20.0,MEM
Garrett Temple,32,49,49,31.2,3.4,7.9,.429,1.5,4.3,.352,1.9,3.6,.520,.525,1.2,1.6,.750,0.4,2.7,3.1,1.4,1.0,0.5,1.1,2.7,9.4,MEM
Kyle Anderson,25,41,38,29.7,3.4,6.3,.543,0.2,0.8,.265,3.2,5.5,.585,.560,0.8,1.4,.576,1.0,4.8,5.8,3.0,1.3,0.9,1.2,2.5,7.9,MEM
Jaren Jackson,19,50,48,25.8,5.1,10.0,.515,0.8,2.3,.333,4.4,7.6,.571,.554,2.5,3.3,.779,1.2,3.4,4.6,1.2,0.9,1.5,1.6,3.7,13.6,MEM
Justin Holiday,29,12,7,25.4,2.2,6.8,.321,0.8,3.5,.238,1.3,3.3,.410,.383,1.3,1.5,.889,0.3,2.7,3.0,1.5,1.3,0.3,1.4,1.6,6.5,MEM
JaMychal Green,28,38,3,22.8,3.9,8.0,.487,0.9,2.4,.387,2.9,5.6,.531,.546,1.6,2.1,.782,1.8,4.6,6.4,0.9,0.9,0.7,1.6,3.1,10.3,MEM
Shelvin Mack,28,48,2,22.8,3.1,7.3,.425,0.9,2.4,.363,2.2,4.9,.455,.484,1.1,1.5,.703,0.4,1.6,2.0,3.4,0.8,0.1,1.2,1.5,8.1,MEM
Bruno Caboclo,23,2,0,18.5,1.5,4.5,.333,1.5,3.5,.429,0.0,1.0,.000,.500,1.0,1.0,1.000,1.5,1.0,2.5,0.5,1.0,1.5,0.0,1.0,5.5,MEM
Dillon Brooks,23,18,0,18.3,2.7,6.8,.402,0.8,2.2,.375,1.9,4.6,.415,.463,1.2,1.7,.733,0.5,1.2,1.7,0.9,0.6,0.2,1.1,2.8,7.5,MEM
Chandler Parsons,30,3,3,15.3,2.3,5.7,.412,1.0,3.3,.300,1.3,2.3,.571,.500,0.0,0.0,,0.3,1.0,1.3,0.7,0.3,0.3,0.7,2.3,5.7,MEM
Jevon Carter,23,17,2,15.0,1.2,4.5,.263,0.6,2.5,.238,0.6,2.0,.294,.329,0.2,0.4,.571,0.2,0.9,1.1,1.7,0.7,0.2,0.8,1.6,3.2,MEM
Omri Casspi,30,36,0,14.4,2.4,4.5,.534,0.4,1.2,.349,2.0,3.3,.602,.581,1.1,1.6,.672,0.5,2.7,3.2,0.7,0.6,0.3,0.6,1.0,6.3,MEM
Wayne Selden,24,32,0,14.2,2.0,5.0,.404,0.6,2.0,.317,1.4,3.1,.459,.466,0.7,0.9,.759,0.5,0.9,1.4,1.1,0.3,0.2,0.7,1.5,5.4,MEM
MarShon Brooks,30,29,0,13.3,2.6,5.8,.450,0.5,1.9,.278,2.1,4.0,.530,.494,0.8,1.1,.697,0.4,1.1,1.6,0.9,0.3,0.1,0.7,1.1,6.6,MEM
Joakim Noah,33,22,0,12.4,1.6,3.5,.449,0.0,0.0,,1.6,3.5,.449,.449,1.0,1.6,.600,1.1,3.0,4.1,1.3,0.4,0.5,1.1,1.7,4.1,MEM
Ivan Rabb,21,20,0,7.0,1.4,2.3,.600,0.0,0.1,.000,1.4,2.2,.628,.600,0.5,0.8,.667,1.0,1.7,2.6,0.6,0.1,0.2,0.7,0.9,3.2,MEM
D.J. Stephens,28,1,0,7.0,1.0,2.0,.500,0.0,0.0,,1.0,2.0,.500,.500,0.0,0.0,,0.0,0.0,0.0,0.0,1.0,0.0,1.0,0.0,2.0,MEM
Yuta Watanabe,24,8,0,6.5,0.6,1.9,.333,0.1,0.6,.200,0.5,1.3,.400,.367,0.4,0.8,.500,0.0,1.3,1.3,0.4,0.1,0.1,0.4,0.3,1.8,MEM
Andrew Harrison,24,1,0,5.0,1.0,2.0,.500,0.0,1.0,.000,1.0,1.0,1.000,.500,0.0,0.0,,0.0,0.0,0.0,0.0,0.0,0.0,0.0,1.0,2.0,MEM
Julian Washburn,27,1,0,1.0,0.0,0.0,,0.0,0.0,,0.0,0.0,,,0.0,0.0,,0.0,0.0,0.0,0.0,0.0,0.0,0.0,0.0,0.0,MEM
Damian Lillard,28,50,50,35.3,8.6,19.3,.447,2.8,7.7,.371,5.8,11.6,.497,.521,6.1,6.8,.906,0.8,3.7,4.5,6.2,1.1,0.5,2.8,1.8,26.2,POR
CJ McCollum,27,50,50,34.1,8.2,17.9,.458,2.1,6.0,.355,6.1,11.9,.510,.517,2.3,2.8,.830,0.9,3.0,3.9,2.8,0.8,0.3,1.6,2.4,20.8,POR
Al-Farouq Aminu,28,51,51,29.7,3.2,7.4,.434,1.3,3.8,.354,1.9,3.6,.516,.524,1.9,2.2,.833,1.6,6.6,8.2,1.2,0.9,0.4,0.8,2.0,9.6,POR
Jusuf Nurkic,24,51,51,27.4,5.7,11.3,.501,0.1,0.5,.120,5.6,10.8,.518,.503,3.8,5.0,.753,3.4,7.0,10.4,3.2,1.1,1.6,2.3,3.3,15.2,POR
Evan Turner,30,50,2,24.2,3.3,6.9,.472,0.1,0.8,.167,3.1,6.1,.515,.483,1.1,1.5,.697,0.6,4.0,4.7,3.9,0.5,0.3,1.7,1.8,7.7,POR
Maurice Harkless,25,31,24,21.7,2.5,5.4,.467,0.6,1.9,.310,1.9,3.5,.550,.521,0.6,0.8,.692,1.0,2.9,4.0,0.8,0.9,0.9,0.7,2.9,6.2,POR
Zach Collins,21,51,0,18.5,2.6,5.5,.482,0.6,1.6,.345,2.1,3.8,.541,.534,1.2,1.5,.795,1.4,2.9,4.3,1.0,0.4,0.8,1.0,2.6,7.0,POR
Seth Curry,28,45,2,17.7,2.4,5.3,.444,1.4,2.9,.481,1.0,2.4,.398,.575,0.2,0.2,1.000,0.3,1.2,1.5,1.0,0.4,0.2,0.7,1.4,6.3,POR
Jake Layman,24,40,25,16.7,2.9,5.5,.521,0.9,2.5,.347,2.0,3.0,.661,.598,0.5,0.7,.731,0.8,2.0,2.8,0.6,0.5,0.3,0.6,1.2,7.0,POR
Nik Stauskas,25,44,0,15.3,2.2,5.2,.419,1.0,2.8,.344,1.2,2.4,.510,.513,0.7,0.8,.889,0.2,1.6,1.8,1.4,0.3,0.1,0.9,0.7,6.1,POR
Meyers Leonard,26,47,0,14.4,2.2,4.1,.534,0.8,1.9,.448,1.3,2.2,.606,.636,0.7,0.9,.875,0.8,3.1,4.0,1.2,0.3,0.2,0.7,1.7,5.9,POR
Caleb Swanigan,21,17,0,8.1,0.8,2.4,.325,0.1,0.2,.250,0.7,2.1,.333,.338,0.4,0.4,.857,0.8,2.2,3.0,0.4,0.2,0.0,0.9,1.2,1.9,POR
Wade Baldwin,22,15,0,5.8,0.5,1.9,.276,0.1,0.6,.222,0.4,1.3,.300,.310,0.5,0.7,.727,0.1,0.8,0.9,0.8,0.1,0.1,0.9,0.7,1.7,POR
Anfernee Simons,19,10,0,5.7,0.7,2.4,.292,0.0,0.8,.000,0.7,1.6,.438,.292,0.1,0.4,.250,0.0,0.7,0.7,0.4,0.0,0.0,0.6,0.3,1.5,POR
Gary Trent,20,7,0,4.7,0.7,2.4,.294,0.4,1.1,.375,0.3,1.3,.222,.382,0.1,0.6,.250,0.0,0.6,0.6,0.1,0.0,0.1,0.1,0.1,2.0,POR
LeBron James,34,34,34,34.6,10.0,19.3,.518,2.0,5.6,.356,8.0,13.7,.585,.570,5.3,7.8,.682,0.9,7.4,8.3,7.1,1.3,0.7,3.4,1.6,27.3,LAL
Kyle Kuzma,23,47,45,33.0,7.2,15.5,.466,1.9,6.2,.303,5.4,9.4,.573,.526,2.7,3.6,.762,0.8,5.1,5.9,2.5,0.7,0.4,2.1,2.3,19.1,LAL
Brandon Ingram,21,39,39,32.8,6.4,13.4,.475,0.5,1.7,.309,5.8,11.6,.500,.495,3.3,5.3,.634,0.8,4.1,4.9,2.9,0.6,0.6,2.6,2.7,16.6,LAL
Lonzo Ball,21,47,45,30.3,3.9,9.7,.406,1.6,4.9,.329,2.3,4.9,.482,.488,0.4,1.0,.417,1.1,4.2,5.3,5.4,1.5,0.4,2.2,2.4,9.9,LAL
Josh Hart,23,50,21,26.8,3.2,7.7,.413,1.6,4.6,.346,1.6,3.1,.513,.517,1.0,1.4,.700,0.5,3.5,4.0,1.5,1.1,0.6,1.0,2.3,8.9,LAL
Rajon Rondo,32,16,4,26.3,3.8,8.2,.458,0.8,2.1,.382,2.9,6.1,.485,.508,0.5,0.8,.615,0.8,3.8,4.5,7.4,1.0,0.1,2.2,2.3,8.8,LAL
Kentavious Caldwell-Pope,25,50,10,24.1,3.5,8.1,.427,1.6,4.6,.342,1.9,3.5,.540,.525,1.8,2.1,.883,0.6,2.2,2.8,1.1,0.9,0.1,0.7,1.6,10.3,LAL
JaVale McGee,31,43,37,22.0,4.8,8.1,.591,0.0,0.2,.143,4.7,7.9,.600,.592,1.1,1.8,.620,2.4,4.4,6.8,0.8,0.6,2.1,1.5,2.4,10.7,LAL
Tyson Chandler,36,36,6,18.6,1.4,2.3,.602,0.0,0.0,.000,1.4,2.3,.610,.602,1.0,1.6,.632,2.2,4.4,6.6,0.8,0.5,0.5,0.8,2.1,3.8,LAL
Lance Stephenson,28,49,0,15.5,2.8,6.2,.452,1.0,2.6,.388,1.8,3.6,.500,.535,0.6,1.0,.604,0.4,2.6,3.0,2.1,0.6,0.1,1.2,1.6,7.2,LAL
Ivica Zubac,21,29,8,15.0,3.4,5.7,.602,0.0,0.0,,3.4,5.7,.602,.602,1.7,1.9,.891,1.7,3.3,5.0,0.7,0.1,0.9,0.9,2.2,8.6,LAL
Johnathan Williams,23,7,0,12.7,1.6,2.9,.550,0.0,0.0,,1.6,2.9,.550,.550,0.1,0.7,.200,1.6,1.4,3.0,0.6,0.1,0.6,0.3,2.9,3.3,LAL
Michael Beasley,30,22,1,11.0,3.2,6.0,.526,0.1,0.7,.200,3.0,5.4,.568,.538,1.1,1.6,.686,0.5,1.6,2.1,1.0,0.4,0.5,1.1,1.8,7.6,LAL
Sviatoslav Mykhailiuk,21,36,0,10.5,1.1,3.2,.336,0.7,2.1,.338,0.4,1.1,.333,.448,0.3,0.4,.563,0.2,0.5,0.7,0.8,0.3,0.0,0.5,0.6,3.1,LAL
Moritz Wagner,21,17,0,6.7,1.2,3.1,.377,0.5,1.5,.346,0.6,1.6,.407,.462,0.5,0.8,.643,0.5,1.2,1.6,0.4,0.2,0.2,0.5,0.9,3.4,LAL
Alex Caruso,24,4,0,4.5,0.5,0.8,.667,0.3,0.3,1.000,0.3,0.5,.500,.833,0.3,1.0,.250,0.3,0.0,0.3,0.3,0.0,0.5,0.0,0.8,1.5,LAL
Isaac Bonga,19,7,0,4.0,0.3,1.3,.222,0.0,0.3,.000,0.3,1.0,.286,.222,0.6,1.0,.571,0.4,0.3,0.7,0.7,0.4,0.0,0.3,0.4,1.1,LAL
Jimmy Butler,29,10,10,36.1,7.4,15.7,.471,1.7,4.5,.378,5.7,11.2,.509,.525,4.8,6.1,.787,1.6,3.6,5.2,4.3,2.4,1.0,1.4,1.8,21.3,MIN
Robert Covington,28,22,22,34.7,4.8,11.1,.433,2.5,6.7,.372,2.3,4.4,.526,.545,2.3,3.0,.773,1.0,4.8,5.7,1.5,2.3,1.1,1.1,3.7,14.5,MIN
Andrew Wiggins,23,46,46,34.5,6.6,16.5,.401,1.7,4.8,.344,5.0,11.7,.425,.451,3.2,4.5,.716,1.1,3.5,4.6,2.3,1.1,0.5,1.9,2.1,18.1,MIN
Karl-Anthony Towns,23,50,50,33.2,8.2,16.4,.500,1.8,4.6,.385,6.4,11.8,.545,.554,4.6,5.4,.848,3.4,8.7,12.2,3.1,1.0,1.9,2.8,3.7,22.8,MIN
Jeff Teague,30,31,31,30.3,3.8,9.5,.406,0.9,2.6,.341,2.9,6.8,.431,.454,2.9,3.6,.820,0.4,2.1,2.4,8.1,1.1,0.4,2.3,2.1,11.5,MIN
Derrick Rose,30,38,13,29.0,7.2,15.0,.480,1.4,3.3,.417,5.8,11.7,.498,.526,2.8,3.2,.854,0.7,2.2,2.8,4.7,0.6,0.3,1.7,1.2,18.6,MIN
Taj Gibson,33,49,49,25.3,4.3,7.7,.564,0.2,0.7,.344,4.1,7.0,.584,.578,1.7,2.4,.733,2.6,4.2,6.8,1.3,0.8,0.6,1.1,2.6,10.6,MIN
Dario Saric,24,36,1,22.8,3.4,7.7,.438,1.2,3.4,.344,2.2,4.3,.513,.514,1.3,1.5,.852,1.4,4.0,5.4,1.4,0.6,0.1,0.9,2.0,9.2,MIN
Josh Okogie,20,42,20,22.1,2.4,6.8,.357,0.8,3.0,.254,1.7,3.8,.438,.413,1.7,2.3,.758,0.5,2.4,3.0,1.2,0.9,0.4,1.0,2.2,7.3,MIN
Tyus Jones,22,43,6,20.3,2.1,5.5,.380,0.5,1.7,.297,1.6,3.8,.417,.426,0.7,0.9,.842,0.3,1.4,1.7,4.0,1.3,0.1,0.6,0.9,5.4,MIN
Jerryd Bayless,30,13,2,18.1,2.3,7.0,.330,1.4,3.5,.391,0.9,3.5,.267,.429,0.4,0.6,.625,0.2,1.6,1.8,3.0,0.5,0.1,1.2,1.5,6.4,MIN
Anthony Tolliver,33,34,0,14.9,1.4,3.3,.411,1.1,2.9,.384,0.2,0.4,.615,.580,0.6,0.8,.731,0.3,1.9,2.2,0.6,0.3,0.3,0.5,1.4,4.4,MIN
Gorgui Dieng,29,50,0,13.5,2.1,4.3,.484,0.3,0.8,.342,1.8,3.5,.514,.514,1.0,1.1,.875,1.0,3.1,4.0,0.8,0.5,0.5,0.6,2.0,5.4,MIN
Luol Deng,33,11,0,11.7,1.9,3.6,.525,0.5,1.5,.313,1.5,2.2,.667,.588,1.2,1.5,.813,0.8,1.7,2.5,0.5,0.6,0.2,0.5,0.7,5.5,MIN
Jared Terrell,23,7,0,9.6,1.1,3.7,.308,0.6,1.6,.364,0.6,2.1,.267,.385,0.1,0.3,.500,0.1,0.3,0.4,1.0,0.4,0.1,1.0,1.1,3.0,MIN
C.J. Williams,28,8,0,8.1,0.9,2.0,.438,0.1,0.9,.143,0.8,1.1,.667,.469,0.0,0.0,,0.1,0.4,0.5,0.6,0.1,0.0,0.5,1.4,1.9,MIN
Keita Bates-Diop,23,5,0,6.4,0.6,2.2,.273,0.0,1.0,.000,0.6,1.2,.500,.273,0.0,0.4,.000,0.0,1.2,1.2,0.0,0.0,0.2,0.2,0.4,1.2,MIN
James Nunnally,28,13,0,4.9,0.7,1.6,.429,0.4,1.0,.385,0.3,0.6,.500,.548,0.3,0.3,1.000,0.0,0.3,0.3,0.4,0.1,0.0,0.1,0.3,2.1,MIN
Harrison Barnes,26,45,45,32.3,5.8,14.4,.404,2.5,6.4,.395,3.3,8.0,.412,.492,3.5,4.2,.830,0.7,3.5,4.2,1.2,0.7,0.2,1.3,1.7,17.6,DAL
Luka Doncic,19,48,48,32.1,6.8,15.6,.434,2.4,6.7,.355,4.4,8.9,.493,.510,4.6,6.3,.734,1.1,5.8,6.9,5.4,1.1,0.3,3.2,1.9,20.5,DAL
DeAndre Jordan,30,49,49,31.2,4.2,6.5,.641,0.0,0.0,,4.2,6.5,.641,.641,2.8,4.0,.682,3.3,10.6,13.8,2.0,0.7,1.1,2.2,2.6,11.1,DAL
Wesley Matthews,32,43,43,29.9,4.4,10.7,.410,2.2,5.9,.374,2.2,4.7,.456,.514,2.0,2.6,.791,0.5,1.9,2.3,2.3,0.8,0.3,1.3,2.3,13.0,DAL
Dennis Smith,21,31,31,28.4,4.9,11.1,.441,1.4,3.9,.352,3.5,7.2,.489,.503,1.7,2.5,.684,0.5,2.3,2.8,4.0,1.3,0.4,3.1,2.5,12.9,DAL
Dorian Finney-Smith,25,49,11,24.4,2.8,6.1,.462,1.1,3.0,.356,1.8,3.1,.562,.548,1.0,1.5,.667,1.7,2.8,4.5,0.7,1.0,0.5,0.9,2.3,7.7,DAL
J.J. Barea,34,38,0,19.8,4.2,10.1,.418,1.0,3.4,.297,3.2,6.8,.479,.468,1.4,2.1,.705,0.3,2.2,2.5,5.6,0.6,0.0,1.9,1.3,10.9,DAL
Maxi Kleber,27,44,8,18.8,2.2,5.0,.445,1.0,3.0,.331,1.2,2.0,.614,.544,0.8,1.0,.800,1.1,2.8,3.9,0.7,0.5,1.3,0.6,1.8,6.2,DAL
Jalen Brunson,22,41,10,16.7,2.6,5.8,.439,0.6,1.8,.333,2.0,4.1,.485,.490,0.8,1.1,.702,0.3,1.4,1.7,2.1,0.5,0.0,0.8,1.3,6.5,DAL
Dwight Powell,27,45,0,16.2,3.1,5.3,.580,0.3,1.4,.194,2.8,3.9,.716,.605,2.1,2.8,.738,1.3,2.8,4.1,1.0,0.5,0.6,0.8,2.4,8.5,DAL
Devin Harris,35,37,0,14.8,2.1,5.1,.400,0.8,2.9,.292,1.2,2.3,.536,.482,1.2,1.7,.730,0.1,1.4,1.5,1.3,0.7,0.2,0.7,1.7,6.2,DAL
Dirk Nowitzki,40,18,0,10.0,1.3,4.1,.311,0.8,2.7,.286,0.5,1.4,.360,.405,0.4,0.5,.778,0.0,1.7,1.7,0.4,0.1,0.3,0.3,1.3,3.7,DAL
Salah Mejri,32,14,0,6.1,0.9,1.6,.591,0.0,0.1,.000,0.9,1.4,.650,.591,0.5,0.6,.875,0.6,1.5,2.1,0.4,0.1,0.1,0.2,1.1,2.4,DAL
Ryan Broekhoff,28,19,0,5.9,0.9,2.0,.447,0.5,1.6,.333,0.4,0.4,.875,.579,0.1,0.1,1.000,0.1,0.7,0.8,0.4,0.1,0.1,0.3,0.2,2.4,DAL
Daryl Macon,23,2,0,2.0,0.5,0.5,1.000,0.0,0.0,,0.5,0.5,1.000,1.000,0.0,0.0,,0.0,0.0,0.0,0.0,0.5,0.0,0.0,0.0,1.0,DAL
Ray Spalding,21,1,0,1.0,0.0,0.0,,0.0,0.0,,0.0,0.0,,,0.0,0.0,,0.0,0.0,0.0,0.0,0.0,0.0,0.0,0.0,0.0,DAL
Donovan Mitchell,22,47,47,33.2,8.2,19.4,.424,2.3,6.8,.330,6.0,12.5,.475,.482,3.8,4.8,.789,0.6,3.2,3.8,4.0,1.6,0.4,2.7,2.7,22.5,UTA
Rudy Gobert,26,51,50,31.7,5.6,8.7,.647,0.0,0.0,,5.6,8.7,.647,.647,3.8,5.9,.649,3.8,9.1,12.9,2.2,0.9,2.2,1.5,2.8,15.0,UTA
Joe Ingles,31,51,51,31.3,4.2,9.8,.428,2.0,5.6,.357,2.2,4.2,.523,.530,1.2,1.7,.694,0.3,3.5,3.8,4.9,1.4,0.2,2.2,2.4,11.6,UTA
Ricky Rubio,28,44,43,28.6,4.5,11.2,.406,1.4,4.2,.328,3.2,7.0,.452,.467,2.4,2.8,.847,0.4,3.1,3.5,6.0,1.3,0.2,2.9,2.7,12.8,UTA
Jae Crowder,28,50,7,27.5,4.0,9.9,.398,2.1,6.4,.332,1.8,3.5,.520,.506,2.0,2.9,.713,0.8,3.9,4.7,1.6,0.7,0.4,1.1,2.0,12.1,UTA
Derrick Favors,27,50,45,23.2,4.3,7.6,.571,0.3,1.2,.241,4.1,6.4,.630,.589,2.0,3.1,.647,2.7,4.5,7.2,1.0,0.7,1.2,1.1,2.2,11.0,UTA
Kyle Korver,37,29,0,20.4,3.4,7.8,.440,2.3,5.5,.413,1.1,2.2,.508,.587,1.0,1.2,.882,0.2,2.0,2.2,0.9,0.3,0.2,0.7,1.6,10.1,UTA
Royce O'Neale,25,51,9,18.3,1.8,3.8,.464,0.7,1.7,.398,1.1,2.1,.519,.554,0.5,0.6,.742,0.3,3.0,3.3,1.3,0.7,0.3,0.8,1.9,4.7,UTA
Dante Exum,23,39,1,16.3,2.6,6.0,.432,0.5,1.5,.305,2.1,4.5,.474,.470,1.7,2.2,.791,0.4,1.3,1.7,2.7,0.4,0.1,1.2,1.6,7.4,UTA
Alec Burks,27,17,0,15.8,2.8,6.7,.412,0.9,2.5,.372,1.8,4.2,.437,.482,1.9,2.2,.868,0.1,1.5,1.6,1.2,0.4,0.2,0.9,1.3,8.4,UTA
Raul Neto,26,19,1,12.0,1.9,3.7,.514,0.5,1.4,.333,1.4,2.3,.628,.579,0.7,0.7,.929,0.1,1.4,1.5,2.0,0.4,0.0,0.9,1.1,4.9,UTA
Thabo Sefolosha,34,26,0,11.1,1.1,2.2,.500,0.5,1.1,.464,0.6,1.2,.533,.612,0.3,0.5,.571,0.2,2.7,2.8,0.4,0.9,0.0,0.6,0.9,3.0,UTA
Grayson Allen,23,23,1,10.5,1.3,3.9,.322,0.7,2.5,.281,0.6,1.4,.394,.411,1.0,1.3,.767,0.0,0.3,0.3,0.7,0.1,0.1,0.6,1.2,4.2,UTA
Tony Bradley,21,1,0,9.0,0.0,3.0,.000,0.0,0.0,,0.0,3.0,.000,.000,0.0,0.0,,2.0,1.0,3.0,0.0,0.0,0.0,1.0,1.0,0.0,UTA
Georges Niang,25,37,0,7.2,1.1,2.5,.429,0.7,1.7,.397,0.4,0.8,.500,.566,0.2,0.2,.889,0.1,1.0,1.1,0.5,0.2,0.1,0.3,0.8,3.0,UTA
Ekpe Udoh,31,30,0,5.8,0.8,1.2,.694,0.0,0.0,,0.8,1.2,.694,.694,0.3,0.5,.571,0.4,0.9,1.2,0.4,0.1,0.5,0.3,0.8,1.9,UTA
Naz Mitrou-Long,25,7,0,4.0,0.3,0.7,.400,0.1,0.6,.250,0.1,0.1,1.000,.500,0.0,0.0,,0.0,0.0,0.0,0.4,0.0,0.0,0.4,0.4,0.7,UTA
Tyler Cavanaugh,24,5,0,2.0,0.2,1.0,.200,0.0,0.6,.000,0.2,0.4,.500,.200,0.0,0.0,,0.2,0.4,0.6,0.0,0.0,0.0,0.0,0.0,0.4,UTA
Anthony Davis,25,41,41,37.0,10.5,20.6,.508,1.0,3.0,.325,9.5,17.6,.539,.532,7.4,9.1,.812,3.4,9.9,13.3,4.4,1.7,2.6,2.0,2.6,29.3,NOP
Jrue Holiday,28,50,50,36.8,8.3,17.2,.481,1.7,5.1,.327,6.6,12.1,.545,.529,3.0,4.0,.746,1.2,3.6,4.9,8.1,1.7,0.8,3.3,2.4,21.2,NOP
Julius Randle,24,47,27,29.6,7.3,13.4,.544,0.6,1.9,.318,6.7,11.6,.580,.566,4.7,6.4,.738,2.1,7.2,9.3,3.0,0.6,0.6,2.6,3.4,19.9,NOP
E'Twaun Moore,29,44,35,29.4,5.0,10.4,.483,1.4,3.3,.417,3.7,7.1,.513,.548,0.9,1.1,.760,0.8,1.8,2.5,2.0,0.8,0.2,1.1,2.3,12.3,NOP
Nikola Mirotic,27,32,22,28.9,5.7,12.7,.447,2.7,7.2,.368,3.0,5.5,.551,.552,2.7,3.2,.842,1.4,6.8,8.3,1.1,0.7,0.8,1.2,2.7,16.7,NOP
Elfrid Payton,24,19,19,26.9,3.9,9.0,.439,0.7,1.9,.351,3.3,7.1,.463,.477,1.2,1.6,.742,0.7,2.9,3.7,5.8,1.2,0.3,2.4,1.9,9.8,NOP
Darius Miller,28,45,7,24.2,2.5,6.1,.405,1.8,4.7,.386,0.7,1.4,.469,.553,0.6,0.8,.829,0.2,1.5,1.7,1.6,0.6,0.4,0.8,2.4,7.4,NOP
Solomon Hill,27,31,12,21.3,1.5,3.7,.404,0.6,2.0,.302,0.9,1.6,.529,.487,0.4,0.7,.619,0.9,2.3,3.2,1.3,0.5,0.3,0.7,1.8,4.0,NOP
Tim Frazier,28,38,17,18.6,1.8,3.9,.447,0.6,1.7,.365,1.2,2.3,.506,.523,0.5,0.6,.750,0.6,2.1,2.7,4.1,0.5,0.1,1.2,2.0,4.6,NOP
Wesley Johnson,31,24,13,15.4,1.4,3.4,.402,0.8,2.0,.396,0.6,1.4,.412,.518,0.2,0.3,.833,0.4,1.8,2.3,0.7,0.4,0.3,0.5,1.8,3.8,NOP
Frank Jackson,20,35,0,13.5,2.0,4.5,.449,0.7,1.8,.359,1.4,2.7,.511,.522,0.7,0.9,.742,0.2,1.0,1.2,0.9,0.3,0.0,0.6,1.5,5.4,NOP
Ian Clark,27,33,0,12.7,1.4,3.8,.360,0.6,1.8,.311,0.8,1.9,.406,.436,0.3,0.4,.917,0.2,1.2,1.3,1.2,0.2,0.1,0.7,1.3,3.6,NOP
Jahlil Okafor,23,31,7,11.9,2.7,4.5,.596,0.0,0.0,.000,2.7,4.5,.600,.596,0.9,1.4,.690,1.4,2.5,3.9,0.4,0.2,0.6,0.5,1.6,6.4,NOP
Cheick Diallo,22,32,0,9.7,1.5,2.6,.583,0.0,0.1,.000,1.5,2.6,.598,.583,0.6,0.9,.714,0.8,2.6,3.4,0.3,0.4,0.5,0.6,1.2,3.7,NOP
Kenrich Williams,24,14,0,6.5,0.6,1.6,.348,0.1,0.4,.167,0.5,1.2,.412,.370,0.1,0.1,1.000,0.3,0.8,1.1,0.2,0.1,0.0,0.3,1.1,1.4,NOP
Andrew Harrison,24,6,0,6.3,0.5,2.0,.250,0.3,1.7,.200,0.2,0.3,.500,.333,0.2,0.3,.500,0.3,0.5,0.8,1.2,0.0,0.0,0.3,1.2,1.5,NOP
Buddy Hield,26,50,50,31.6,7.6,16.0,.476,3.4,7.4,.457,4.2,8.6,.493,.582,1.7,1.9,.865,1.3,3.7,4.9,2.3,0.5,0.3,1.8,2.4,20.2,SAC
De'Aaron Fox,21,49,49,31.6,6.3,13.6,.463,1.1,3.0,.365,5.2,10.6,.491,.504,3.9,5.3,.729,0.6,3.1,3.7,7.2,1.7,0.5,3.0,2.6,17.6,SAC
Willie Cauley-Stein,25,50,50,28.5,5.7,10.6,.534,0.0,0.0,.500,5.7,10.6,.534,.535,1.8,3.2,.556,2.5,6.3,8.8,2.7,1.2,0.6,1.2,3.1,13.2,SAC
Bogdan Bogdanovic,26,38,8,28.1,5.6,13.0,.433,1.9,5.5,.356,3.7,7.5,.490,.508,2.0,2.5,.811,0.5,3.1,3.6,4.1,1.0,0.2,1.9,2.0,15.2,SAC
Iman Shumpert,28,39,37,26.0,3.2,8.4,.377,1.8,4.9,.361,1.4,3.5,.400,.483,0.8,1.0,.825,0.5,2.5,3.0,2.1,1.2,0.5,0.9,2.3,8.9,SAC
Nemanja Bjelica,30,49,48,24.0,3.8,7.8,.483,1.4,3.4,.425,2.3,4.4,.528,.576,1.0,1.3,.762,1.5,4.3,5.9,2.0,0.8,0.8,1.2,2.6,10.0,SAC
Marvin Bagley,19,36,1,23.5,4.9,9.5,.520,0.3,1.1,.268,4.6,8.4,.555,.537,2.6,3.8,.674,2.3,4.2,6.4,0.9,0.5,1.0,1.7,2.1,12.8,SAC
Justin Jackson,23,49,3,21.3,2.5,5.9,.427,1.1,3.2,.353,1.4,2.7,.515,.523,0.8,0.9,.804,0.5,2.3,2.9,1.3,0.4,0.2,0.4,1.3,6.9,SAC
Troy Williams,24,18,0,15.9,2.2,4.8,.460,0.8,2.3,.341,1.4,2.6,.565,.540,0.5,0.8,.600,0.5,2.6,3.1,0.6,0.6,0.4,0.4,1.9,5.7,SAC
Yogi Ferrell,25,40,3,14.5,2.1,4.9,.431,0.7,1.9,.377,1.4,3.0,.466,.505,0.8,0.9,.886,0.2,1.5,1.7,1.9,0.5,0.1,0.5,0.7,5.7,SAC
Kosta Koufos,29,28,1,12.9,1.8,3.7,.481,0.0,0.0,,1.8,3.7,.481,.481,0.2,0.5,.400,1.4,3.3,4.7,0.9,0.4,0.5,0.7,1.9,3.8,SAC
Harry Giles,20,37,0,12.5,2.5,5.1,.481,0.0,0.1,.000,2.5,5.0,.495,.481,0.7,1.3,.542,0.9,2.3,3.2,1.4,0.6,0.4,1.2,2.5,5.6,SAC
Frank Mason,24,32,0,11.9,1.7,4.2,.400,0.3,1.4,.196,1.4,2.8,.506,.433,1.0,1.4,.674,0.1,1.0,1.1,2.5,0.5,0.1,0.9,0.8,4.6,SAC
Skal Labissiere,22,11,0,9.0,1.1,2.5,.444,0.3,0.9,.300,0.8,1.5,.529,.500,0.5,1.0,.545,0.2,1.6,1.8,0.4,0.2,0.2,0.5,1.7,3.0,SAC
Ben McLemore,25,19,0,8.3,1.3,3.4,.391,0.9,2.2,.415,0.4,1.2,.348,.523,0.4,0.6,.667,0.2,0.7,0.9,0.2,0.3,0.2,0.3,1.2,3.9,SAC
James Harden,29,46,46,37.4,10.6,24.0,.440,4.9,13.2,.368,5.7,10.8,.528,.542,10.3,11.9,.868,1.0,5.6,6.6,8.2,2.0,0.7,5.5,3.4,36.3,HOU
Austin Rivers,26,17,13,36.3,4.2,10.3,.411,2.0,6.2,.321,2.2,4.1,.551,.509,0.4,0.9,.467,0.4,2.3,2.7,3.5,0.6,0.4,0.8,3.7,10.9,HOU
P.J. Tucker,33,49,49,35.5,2.8,6.8,.415,1.9,4.9,.382,1.0,2.0,.495,.551,0.6,1.0,.638,1.5,4.7,6.2,1.2,1.5,0.4,0.9,3.1,8.1,HOU
Clint Capela,24,42,42,34.2,7.5,11.9,.631,0.0,0.0,,7.5,11.9,.631,.631,2.6,4.1,.626,5.0,7.6,12.6,1.5,0.6,1.8,1.5,2.7,17.6,HOU
Eric Gordon,30,38,24,32.9,5.7,14.7,.385,2.7,8.5,.317,3.0,6.2,.479,.477,2.3,2.9,.798,0.4,2.3,2.7,2.1,0.6,0.4,1.5,2.2,16.3,HOU
Chris Paul,33,27,27,32.9,5.2,12.5,.417,2.0,5.7,.355,3.2,6.8,.470,.499,3.0,3.6,.816,0.6,3.5,4.1,7.9,2.1,0.3,3.0,2.6,15.4,HOU
Kenneth Faried,29,4,3,30.8,5.8,9.5,.605,0.3,1.0,.250,5.5,8.5,.647,.618,2.5,5.5,.455,3.0,6.5,9.5,1.5,1.3,1.3,1.5,3.3,14.3,HOU
Carmelo Anthony,34,10,2,29.4,4.9,12.1,.405,2.1,6.4,.328,2.8,5.7,.491,.492,1.5,2.2,.682,0.9,4.5,5.4,0.5,0.4,0.7,0.8,3.2,13.4,HOU
Danuel House,25,25,12,24.8,2.8,6.2,.458,1.6,4.0,.390,1.3,2.2,.582,.584,1.8,2.2,.818,0.8,2.8,3.6,1.0,0.6,0.4,0.9,1.8,9.0,HOU
James Ennis,28,35,23,23.2,2.5,5.1,.497,1.1,2.9,.366,1.5,2.2,.671,.602,1.0,1.5,.692,0.9,1.9,2.8,0.7,0.9,0.4,0.6,2.8,7.1,HOU
Gerald Green,33,45,0,21.2,3.2,7.8,.402,2.1,6.2,.343,1.0,1.6,.630,.538,0.7,0.8,.811,0.5,2.3,2.7,0.6,0.4,0.4,0.7,2.0,9.1,HOU
James Nunnally,28,2,0,19.0,1.5,6.5,.231,1.5,6.0,.250,0.0,0.5,.000,.346,0.0,0.0,,0.0,0.5,0.5,1.0,0.0,0.0,0.0,3.0,4.5,HOU
Gary Clark,24,34,1,15.4,1.0,3.2,.321,0.9,2.9,.293,0.2,0.3,.600,.454,0.2,0.2,1.000,0.5,2.2,2.7,0.4,0.4,0.6,0.1,1.1,3.1,HOU
Nene Hilario,36,23,2,13.3,1.6,2.9,.545,0.0,0.1,.000,1.6,2.8,.563,.545,0.9,1.1,.800,0.7,2.6,3.3,0.6,0.3,0.3,0.3,2.2,4.0,HOU
Brandon Knight,27,12,0,9.8,0.9,3.9,.234,0.4,2.7,.156,0.5,1.3,.400,.287,0.8,0.9,.818,0.1,0.7,0.8,0.8,0.2,0.0,0.4,1.2,3.0,HOU
Michael Carter-Williams,27,16,1,9.1,1.6,3.8,.410,0.4,1.2,.368,1.1,2.6,.429,.467,0.8,1.6,.462,0.2,0.6,0.8,1.3,0.6,0.4,0.6,1.7,4.3,HOU
Isaiah Hartenstein,20,23,0,8.0,0.7,1.6,.472,0.1,0.3,.333,0.7,1.3,.500,.500,0.5,0.6,.786,0.8,0.9,1.7,0.5,0.2,0.4,0.5,2.0,2.0,HOU
Vince Edwards,22,2,0,8.0,0.5,2.0,.250,0.5,2.0,.250,0.0,0.0,,.375,0.0,0.0,,0.5,0.5,1.0,0.0,0.0,0.0,0.0,0.0,1.5,HOU
Marquese Chriss,21,15,0,6.7,0.7,2.2,.333,0.1,1.0,.067,0.7,1.2,.556,.348,0.4,0.5,.857,0.5,1.3,1.8,0.4,0.1,0.3,0.8,1.1,1.9,HOU
Zhou Qi,23,1,0,1.0,1.0,1.0,1.000,0.0,0.0,,1.0,1.0,1.000,1.000,0.0,0.0,,0.0,0.0,0.0,0.0,0.0,0.0,0.0,0.0,2.0,HOU
DeMar DeRozan,29,48,48,35.4,8.3,17.9,.466,0.1,0.8,.175,8.2,17.1,.480,.470,4.7,5.7,.822,0.8,5.4,6.2,6.3,1.1,0.5,2.7,2.3,21.5,SAS
LaMarcus Aldridge,33,51,51,32.5,8.3,16.2,.513,0.1,0.4,.211,8.2,15.8,.520,.516,4.3,5.1,.845,2.9,5.8,8.6,2.6,0.5,1.2,1.9,2.2,20.9,SAS
Bryn Forbes,25,51,51,28.6,4.5,10.0,.457,2.2,5.1,.427,2.4,4.8,.488,.567,0.9,1.0,.880,0.2,2.7,2.9,2.3,0.6,0.0,1.2,2.1,12.2,SAS
Rudy Gay,32,41,38,27.1,5.7,10.8,.523,1.0,2.5,.404,4.6,8.3,.559,.570,1.8,2.1,.860,1.0,5.5,6.5,2.5,0.9,0.6,1.6,2.7,14.1,SAS
Derrick White,24,42,30,25.2,3.6,7.1,.508,0.7,1.9,.354,2.9,5.2,.564,.556,1.4,1.8,.770,0.5,2.9,3.3,3.6,1.0,0.5,1.5,2.0,9.2,SAS
Patty Mills,30,51,0,23.6,3.2,7.5,.429,1.8,4.5,.396,1.5,3.1,.475,.545,1.2,1.5,.851,0.3,2.1,2.4,3.0,0.7,0.2,1.1,1.5,9.5,SAS
Marco Belinelli,32,49,0,22.4,3.7,8.7,.420,2.0,5.0,.392,1.7,3.7,.459,.533,1.7,1.8,.910,0.2,2.1,2.3,1.9,0.5,0.1,0.8,1.6,10.9,SAS
Davis Bertans,26,45,4,20.3,2.7,5.4,.504,2.0,4.2,.492,0.7,1.3,.544,.693,0.5,0.6,.852,0.4,3.1,3.5,1.1,0.5,0.5,0.6,1.7,8.0,SAS
Dante Cunningham,31,46,21,16.5,1.3,2.8,.469,0.6,1.2,.491,0.7,1.6,.453,.573,0.2,0.3,.786,0.9,2.7,3.6,1.0,0.5,0.3,0.4,1.3,3.5,SAS
Jakob Poeltl,23,47,6,15.1,2.2,3.5,.633,0.0,0.0,,2.2,3.5,.633,.633,0.8,1.4,.552,2.1,2.7,4.9,1.2,0.2,0.7,0.7,1.6,5.3,SAS
Pau Gasol,38,20,6,14.1,1.8,3.5,.500,0.3,0.5,.500,1.5,3.0,.500,.536,1.1,1.5,.733,0.8,4.7,5.5,2.0,0.2,0.7,0.7,1.2,4.9,SAS
Lonnie Walker,20,3,0,8.3,1.3,3.3,.400,0.7,1.3,.500,0.7,2.0,.333,.500,0.0,0.0,,0.0,2.0,2.0,0.3,0.3,0.3,0.3,1.0,3.3,SAS
Quincy Pondexter,30,36,0,5.7,0.6,1.2,.500,0.2,0.4,.375,0.4,0.7,.577,.571,0.8,1.0,.771,0.2,0.8,1.0,0.4,0.2,0.0,0.3,0.5,2.1,SAS
Chimezie Metu,21,21,0,5.3,0.8,2.1,.356,0.0,0.1,.000,0.8,2.0,.372,.356,0.6,0.8,.765,0.4,0.9,1.3,0.5,0.2,0.1,0.6,0.5,2.1,SAS
Drew Eubanks,21,12,0,3.9,0.8,1.2,.714,0.0,0.0,,0.8,1.2,.714,.714,0.5,0.7,.750,0.1,0.9,1.0,0.2,0.1,0.0,0.2,0.3,2.2,SAS
Devin Booker,22,39,39,34.5,8.6,19.0,.453,2.1,6.5,.319,6.5,12.5,.524,.508,5.2,6.1,.845,0.5,3.1,3.6,6.7,0.9,0.2,3.9,3.3,24.5,PHO
Trevor Ariza,33,26,26,34.0,3.3,8.7,.379,1.9,5.3,.360,1.4,3.4,.409,.489,1.4,1.7,.837,0.6,5.0,5.6,3.3,1.5,0.3,1.5,1.7,9.9,PHO
T.J. Warren,25,43,36,31.6,6.9,14.2,.486,1.8,4.2,.428,5.1,10.0,.510,.549,2.3,2.9,.815,0.7,3.3,4.0,1.5,1.2,0.7,1.2,2.8,18.0,PHO
Deandre Ayton,20,47,46,30.8,7.2,12.1,.594,0.0,0.0,.000,7.2,12.0,.596,.594,2.0,2.7,.768,3.2,7.4,10.6,2.0,0.8,1.0,1.8,2.8,16.4,PHO
Kelly Oubre,23,21,0,27.1,5.1,11.8,.433,1.7,5.0,.343,3.4,6.8,.500,.506,2.8,3.6,.763,0.9,3.3,4.2,1.5,1.0,1.1,1.7,2.8,14.7,PHO
Mikal Bridges,22,52,38,26.8,2.8,6.5,.424,1.3,3.7,.347,1.5,2.8,.528,.524,0.9,1.0,.849,0.6,2.4,2.9,1.6,1.4,0.6,0.7,2.3,7.7,PHO
Isaiah Canaan,27,19,15,26.5,2.7,6.8,.395,1.3,3.8,.347,1.4,3.0,.456,.492,0.8,1.1,.750,0.3,2.3,2.6,3.3,0.6,0.0,1.5,2.4,7.5,PHO
Josh Jackson,21,52,15,23.1,3.8,9.5,.401,0.7,2.5,.290,3.1,7.0,.441,.439,1.7,2.5,.672,0.8,3.5,4.2,2.2,0.9,0.7,2.3,2.5,10.0,PHO
De'Anthony Melton,20,33,25,20.5,2.2,5.8,.368,0.7,2.3,.312,1.4,3.5,.405,.430,0.5,0.5,.833,0.5,2.1,2.6,3.3,1.5,0.5,1.7,2.6,5.5,PHO
Ryan Anderson,30,15,8,18.5,1.3,4.0,.317,0.5,2.3,.206,0.8,1.7,.462,.375,0.7,0.9,.786,0.9,2.1,3.0,1.1,0.2,0.1,0.8,1.5,3.7,PHO
Elie Okobo,21,34,6,18.2,2.3,5.9,.381,0.8,2.5,.302,1.5,3.4,.440,.446,0.7,0.9,.833,0.2,1.7,1.9,2.3,0.7,0.1,1.3,2.3,6.0,PHO
Jamal Crawford,38,42,0,17.7,2.2,6.1,.353,0.7,2.6,.275,1.5,3.5,.409,.411,1.2,1.5,.813,0.1,1.0,1.2,3.3,0.4,0.2,1.5,1.2,6.3,PHO
Richaun Holmes,25,46,1,16.2,3.2,4.8,.671,0.0,0.0,,3.2,4.8,.671,.671,1.7,2.3,.731,1.7,2.9,4.6,0.8,0.6,1.2,0.8,2.5,8.1,PHO
Troy Daniels,27,26,0,13.5,2.0,4.9,.406,1.5,3.7,.392,0.5,1.2,.452,.555,0.5,0.6,.800,0.2,0.8,1.0,0.3,0.6,0.1,0.7,1.3,5.9,PHO
Tyson Chandler,36,7,0,12.7,1.1,1.7,.667,0.0,0.0,,1.1,1.7,.667,.667,1.4,2.6,.556,1.0,4.6,5.6,0.9,0.3,0.1,1.0,3.0,3.7,PHO
Dragan Bender,21,19,5,12.6,1.7,3.9,.432,0.4,2.0,.184,1.3,1.9,.694,.480,0.8,1.3,.667,0.8,1.8,2.6,0.7,0.3,0.2,0.7,1.1,4.6,PHO
Quincy Acy,28,10,0,12.3,0.4,1.8,.222,0.2,1.5,.133,0.2,0.3,.667,.278,0.7,1.0,.700,0.3,2.2,2.5,0.8,0.1,0.4,0.4,2.4,1.7,PHO
Jawun Evans,22,4,0,11.5,0.5,2.5,.200,0.0,0.5,.000,0.5,2.0,.250,.200,0.0,0.0,,0.3,2.3,2.5,2.0,0.5,0.0,1.0,1.5,1.0,PHO
Emanuel Terry,22,1,0,9.0,2.0,4.0,.500,0.0,0.0,,2.0,4.0,.500,.500,1.0,2.0,.500,2.0,1.0,3.0,1.0,2.0,0.0,0.0,1.0,5.0,PHO
George King,25,1,0,6.0,0.0,0.0,,0.0,0.0,,0.0,0.0,,,0.0,0.0,,0.0,1.0,1.0,0.0,0.0,0.0,0.0,0.0,0.0,PHO
Eric Moreland,27,1,0,5.0,0.0,0.0,,0.0,0.0,,0.0,0.0,,,0.0,0.0,,0.0,3.0,3.0,0.0,0.0,0.0,0.0,1.0,0.0,PHO
