player,age,G,GS,MP,FG,FGA,FG_per,3P,3PA,3P_per,2P,2PA,2P_per,FT,FTA,FT_per,ORB,DRB,TRB,AST,STL,BLK,TOV,PF,PTS_per_36,team
Klay Thompson,27,73,73,2506,8.3,16.9,.488,3.3,7.5,.440,5.0,9.5,.526,1.2,1.4,.837,0.4,3.5,4.0,2.7,0.8,0.5,1.8,1.7,21.0,GSW
Kevin Durant,29,68,68,2325,9.8,18.9,.516,2.7,6.4,.419,7.1,12.5,.565,5.6,6.3,.889,0.5,6.7,7.2,5.7,0.8,1.8,3.2,2.1,27.7,GSW
Draymond Green,27,70,70,2287,4.4,9.7,.454,1.2,4.0,.301,3.2,5.7,.562,2.1,2.7,.775,1.2,7.2,8.4,8.0,1.5,1.4,3.2,2.9,12.2,GSW
Stephen Curry,29,51,51,1631,9.4,19.1,.495,4.7,11.1,.423,4.8,8.0,.595,6.1,6.7,.921,0.8,5.0,5.8,6.8,1.8,0.2,3.4,2.5,29.7,GSW
Andre Iguodala,34,64,7,1622,3.3,7.1,.463,0.7,2.6,.282,2.6,4.5,.567,1.2,1.9,.632,1.1,4.4,5.5,4.7,1.2,0.8,1.5,2.2,8.5,GSW
Nick Young,32,80,8,1393,5.2,12.6,.412,3.2,8.4,.377,2.0,4.2,.481,1.4,1.7,.862,0.5,2.7,3.2,0.9,1.0,0.2,1.0,2.6,15.0,GSW
Shaun Livingston,32,71,7,1129,5.5,10.9,.501,0.0,0.2,.000,5.5,10.8,.509,1.6,1.9,.820,1.0,3.2,4.2,4.5,1.1,0.7,1.8,3.7,12.6,GSW
David West,37,73,0,999,7.8,13.6,.571,0.1,0.3,.375,7.7,13.3,.576,2.2,2.8,.759,2.3,6.3,8.6,5.0,1.7,2.7,2.9,4.3,17.8,GSW
Zaza Pachulia,33,69,57,972,5.5,9.8,.564,0.0,0.0,.000,5.5,9.7,.567,2.8,3.4,.806,3.3,8.6,11.9,4.0,1.4,0.6,2.7,4.5,13.8,GSW
Patrick McCaw,22,57,10,961,3.4,8.4,.409,0.7,3.0,.238,2.7,5.4,.503,1.0,1.3,.765,0.6,2.5,3.1,3.0,1.6,0.4,1.5,2.5,8.6,GSW
Kevon Looney,21,66,4,910,4.4,7.6,.580,0.0,0.2,.200,4.4,7.4,.590,1.7,3.0,.545,3.3,5.2,8.5,1.7,1.3,2.2,1.2,4.2,10.6,GSW
Jordan Bell,23,57,13,809,5.2,8.2,.627,0.0,0.2,.000,5.2,8.1,.641,1.3,2.0,.682,2.7,6.5,9.2,4.5,1.6,2.5,2.3,4.1,11.7,GSW
Quinn Cook,24,33,18,740,5.9,12.3,.484,2.2,5.1,.442,3.7,7.2,.514,1.1,1.2,.880,0.5,3.5,4.0,4.3,0.6,0.0,1.6,2.9,15.2,GSW
Omri Casspi,29,53,7,740,5.8,10.1,.580,0.5,1.1,.455,5.4,9.0,.595,2.4,3.4,.725,1.5,8.3,9.7,2.5,0.9,0.9,1.8,3.5,14.6,GSW
JaVale McGee,30,65,17,615,8.0,12.8,.621,0.0,0.4,.000,8.0,12.5,.638,2.2,3.0,.731,3.5,6.4,9.9,1.9,1.2,3.3,1.6,5.3,18.1,GSW
Damian Jones,22,15,0,89,4.4,8.9,.500,0.0,0.0,,4.4,8.9,.500,1.2,2.0,.600,2.0,3.6,5.7,0.8,0.4,1.2,1.6,5.7,10.1,GSW
Chris Boucher,25,1,0,1,0.0,36.0,.000,0.0,36.0,.000,0.0,0.0,,0.0,0.0,,0.0,36.0,36.0,0.0,0.0,0.0,0.0,0.0,0.0,GSW
DeMar DeRozan,28,80,80,2711,8.6,18.8,.456,1.2,3.8,.310,7.4,15.0,.494,6.1,7.4,.825,0.8,3.4,4.2,5.5,1.1,0.3,2.3,2.0,24.4,TOR
Kyle Lowry,31,78,78,2510,5.8,13.5,.427,3.4,8.5,.399,2.4,5.0,.474,3.2,3.7,.854,0.9,5.3,6.2,7.7,1.2,0.3,2.6,2.8,18.2,TOR
Serge Ibaka,28,76,76,2093,6.5,13.5,.483,1.8,5.1,.360,4.7,8.4,.559,1.6,2.0,.797,1.3,6.9,8.2,1.1,0.5,1.7,1.5,3.6,16.5,TOR
Jonas Valanciunas,25,77,77,1727,8.1,14.3,.568,0.6,1.5,.405,7.5,12.8,.587,3.5,4.4,.806,3.8,9.9,13.8,1.7,0.6,1.4,2.4,4.0,20.4,TOR
Pascal Siakam,23,81,5,1679,5.4,10.7,.508,0.6,2.8,.220,4.8,7.8,.612,1.2,1.9,.621,1.7,6.1,7.8,3.4,1.3,0.9,1.4,3.6,12.6,TOR
Jakob Poeltl,22,82,0,1524,6.0,9.1,.659,0.0,0.0,.500,6.0,9.0,.660,1.4,2.4,.594,3.9,5.4,9.3,1.3,0.9,2.4,2.0,5.0,13.4,TOR
Fred VanVleet,23,76,0,1520,5.5,12.9,.426,2.6,6.2,.414,2.9,6.7,.437,2.0,2.4,.832,0.6,3.8,4.4,5.8,1.6,0.5,1.8,3.1,15.5,TOR
OG Anunoby,20,74,62,1481,4.0,8.4,.471,1.8,4.8,.371,2.2,3.6,.604,0.9,1.5,.629,1.1,3.4,4.5,1.3,1.3,0.3,1.1,3.2,10.6,TOR
Delon Wright,25,69,4,1433,5.0,10.9,.465,1.4,3.8,.366,3.6,7.0,.520,2.4,2.9,.829,1.1,3.8,5.0,5.0,1.8,0.8,2.0,2.0,13.9,TOR
C.J. Miles,30,70,3,1337,6.1,16.1,.379,4.4,12.2,.361,1.7,3.9,.434,2.2,2.6,.835,0.5,3.6,4.1,1.5,1.0,0.6,1.1,3.6,18.8,TOR
Norman Powell,24,70,18,1062,5.1,12.7,.401,1.8,6.3,.285,3.3,6.4,.516,1.1,1.3,.821,0.5,3.6,4.0,3.0,1.3,0.5,2.2,3.8,13.1,TOR
Lucas Nogueira,25,49,3,418,4.2,6.9,.613,0.4,1.6,.263,3.8,5.3,.721,1.6,2.4,.679,1.6,5.9,7.5,1.9,2.0,3.7,1.4,4.2,10.5,TOR
Lorenzo Brown,27,14,0,139,3.6,8.8,.412,0.5,3.1,.167,3.1,5.7,.545,0.5,0.5,1.000,0.3,3.6,3.9,3.4,1.3,0.0,0.8,1.8,8.3,TOR
Malcolm Miller,24,15,4,126,3.7,8.0,.464,2.3,6.0,.381,1.4,2.0,.714,1.1,1.1,1.000,1.1,3.1,4.3,0.9,0.3,0.6,1.4,2.9,10.9,TOR
Alfonzo McKinnie,25,14,0,53,5.4,10.2,.533,2.0,6.1,.333,3.4,4.1,.833,1.4,2.0,.667,0.7,4.1,4.8,0.7,0.7,0.7,2.0,5.4,14.3,TOR
Bruno Caboclo,22,2,0,7,0.0,10.3,.000,0.0,10.3,.000,0.0,0.0,,0.0,0.0,,0.0,5.1,5.1,5.1,5.1,0.0,0.0,5.1,0.0,TOR
Nigel Hayes,23,2,0,6,12.0,12.0,1.000,12.0,12.0,1.000,0.0,0.0,,0.0,0.0,,0.0,0.0,0.0,0.0,0.0,0.0,6.0,0.0,36.0,TOR
Malachi Richardson,22,1,0,5,7.2,14.4,.500,0.0,7.2,.000,7.2,7.2,1.000,0.0,0.0,,0.0,7.2,7.2,0.0,0.0,0.0,0.0,0.0,14.4,TOR
Khris Middleton,26,82,82,2982,7.2,15.4,.466,1.8,4.9,.359,5.4,10.4,.517,3.9,4.4,.884,0.5,4.6,5.2,4.0,1.4,0.3,2.3,3.3,19.9,MIL
Giannis Antetokounmpo,23,75,75,2756,9.7,18.3,.529,0.6,1.8,.307,9.1,16.5,.554,6.4,8.4,.760,2.0,7.8,9.8,4.7,1.4,1.4,2.9,3.0,26.3,MIL
Eric Bledsoe,28,71,71,2239,7.3,15.3,.476,1.9,5.6,.349,5.3,9.7,.550,3.9,4.9,.795,0.8,3.7,4.5,5.8,2.3,0.6,3.3,2.9,20.4,MIL
Tony Snell,26,75,59,2053,3.2,7.5,.435,1.9,4.7,.403,1.4,2.8,.490,0.7,0.8,.792,0.2,2.3,2.5,1.7,0.8,0.5,0.6,2.0,9.0,MIL
John Henson,27,76,69,1970,5.2,9.2,.572,0.0,0.1,.143,5.2,9.0,.578,1.6,2.9,.570,2.7,6.6,9.4,2.1,0.8,2.0,1.5,3.7,12.2,MIL
Malcolm Brogdon,25,48,20,1436,6.1,12.6,.485,1.6,4.0,.385,4.6,8.6,.532,1.9,2.1,.882,0.6,3.3,3.9,3.8,1.0,0.3,1.7,3.2,15.7,MIL
Thon Maker,20,74,12,1238,3.8,9.2,.411,0.9,3.0,.298,2.9,6.2,.467,1.9,2.7,.699,2.2,4.4,6.5,1.3,1.1,1.5,1.3,4.7,10.4,MIL
Jason Terry,40,51,4,814,2.6,6.8,.383,1.8,5.1,.348,0.8,1.7,.487,0.4,0.4,.889,0.2,1.9,2.1,2.6,1.9,0.6,1.1,2.3,7.3,MIL
Sterling Brown,22,54,4,776,3.8,9.5,.400,1.5,4.2,.352,2.3,5.3,.439,1.0,1.1,.875,1.3,5.4,6.6,1.2,1.4,0.6,1.2,3.7,10.1,MIL
Jabari Parker,22,31,3,743,7.8,16.1,.482,1.5,3.9,.383,6.3,12.2,.514,1.9,2.6,.741,2.0,5.3,7.3,2.9,1.2,0.5,2.2,2.4,18.9,MIL
Matthew Dellavedova,27,38,3,712,2.8,7.7,.362,1.5,3.9,.372,1.3,3.7,.351,1.3,1.4,.926,0.7,2.5,3.2,7.3,0.7,0.0,2.5,3.4,8.3,MIL
DeAndre Liggins,29,31,1,480,1.6,4.9,.338,0.8,2.7,.306,0.8,2.2,.379,0.1,0.4,.400,0.4,3.3,3.7,2.0,2.0,0.7,1.0,4.6,4.3,MIL
Tyler Zeller,28,24,1,406,5.5,9.3,.590,0.0,0.2,.000,5.5,9.1,.602,1.5,1.7,.895,4.2,5.7,9.8,1.7,0.6,1.2,1.1,4.3,12.5,MIL
Brandon Jennings,28,14,0,205,4.7,12.6,.375,1.6,5.8,.273,3.2,6.8,.462,1.8,1.8,1.000,0.9,4.6,5.4,7.7,1.1,0.7,3.2,1.9,12.8,MIL
Sean Kilpatrick,28,23,0,205,5.4,14.4,.378,2.3,8.1,.283,3.2,6.3,.500,3.2,3.3,.947,0.2,4.2,4.4,2.6,0.9,0.2,1.6,2.6,16.3,MIL
Rashad Vaughn,21,22,0,173,4.4,10.4,.420,2.7,7.3,.371,1.7,3.1,.533,0.8,1.2,.667,0.4,3.1,3.5,2.5,0.8,0.6,0.8,2.5,12.3,MIL
Mirza Teletovic,32,10,0,159,5.7,12.9,.439,4.8,10.2,.467,0.9,2.7,.333,0.0,0.0,,0.7,4.5,5.2,2.3,0.9,0.2,1.6,3.2,16.1,MIL
Shabazz Muhammad,25,11,0,117,11.4,20.6,.552,0.9,2.5,.375,10.5,18.2,.576,5.2,5.8,.895,2.5,7.1,9.5,2.2,1.2,0.3,0.3,2.2,28.9,MIL
Gary Payton,25,12,6,106,4.4,11.2,.394,0.7,4.1,.167,3.7,7.1,.524,0.7,1.0,.667,1.4,4.4,5.8,3.1,1.0,0.3,1.0,5.8,10.2,MIL
Greg Monroe,27,5,0,79,7.3,15.0,.485,0.0,0.0,,7.3,15.0,.485,0.9,1.8,.500,2.7,8.7,11.4,2.3,0.0,0.0,2.7,3.2,15.5,MIL
D.J. Wilson,21,22,0,71,4.6,8.1,.563,1.0,2.5,.400,3.5,5.6,.636,0.5,1.0,.500,1.0,4.1,5.1,1.5,1.5,0.5,2.0,3.5,10.6,MIL
Marshall Plumlee,25,8,0,52,0.7,2.1,.333,0.0,0.0,,0.7,2.1,.333,8.3,11.1,.750,2.8,9.0,11.8,1.4,0.0,0.7,2.1,6.9,9.7,MIL
Joel Bolomboy,24,6,0,38,2.8,5.7,.500,0.0,0.9,.000,2.8,4.7,.600,2.8,5.7,.500,5.7,3.8,9.5,0.0,1.9,0.0,1.9,2.8,8.5,MIL
Xavier Munford,25,6,0,21,1.7,10.3,.167,0.0,3.4,.000,1.7,6.9,.250,1.7,3.4,.500,1.7,0.0,1.7,6.9,1.7,0.0,3.4,6.9,5.1,MIL
Ben Simmons,21,81,81,2732,7.2,13.2,.545,0.0,0.1,.000,7.2,13.0,.551,2.5,4.5,.560,1.9,6.8,8.7,8.7,1.8,0.9,3.7,2.8,16.9,PHI
Robert Covington,27,80,80,2532,4.9,11.9,.413,2.9,7.8,.369,2.0,4.1,.497,1.6,1.9,.853,0.8,5.4,6.2,2.2,1.9,1.0,1.8,3.4,14.3,PHI
Dario Saric,23,78,73,2310,6.3,13.9,.453,2.4,6.2,.393,3.8,7.7,.501,2.8,3.2,.860,2.4,5.7,8.1,3.1,0.8,0.3,2.3,2.5,17.8,PHI
J.J. Redick,33,70,70,2116,6.9,15.0,.460,3.3,7.8,.420,3.6,7.1,.504,3.4,3.7,.904,0.2,2.9,3.0,3.6,0.6,0.1,1.8,2.1,20.4,PHI
Joel Embiid,23,63,63,1912,9.6,19.9,.483,1.2,4.0,.308,8.4,15.9,.527,6.8,8.8,.769,2.7,10.3,13.0,3.7,0.8,2.1,4.4,3.9,27.2,PHI
T.J. McConnell,25,76,1,1706,4.4,8.9,.499,0.6,1.3,.435,3.9,7.6,.510,0.7,0.8,.795,0.8,4.0,4.8,6.4,1.9,0.3,2.4,2.6,10.1,PHI
Amir Johnson,30,74,18,1171,4.3,8.0,.538,0.3,1.0,.313,4.0,7.0,.570,1.6,2.6,.612,3.8,6.4,10.1,3.6,1.4,1.4,1.7,5.9,10.5,PHI
Jerryd Bayless,29,39,11,925,4.2,10.2,.416,2.1,5.7,.370,2.1,4.5,.474,1.4,1.7,.795,0.6,2.5,3.1,2.1,0.9,0.2,1.8,3.5,11.9,PHI
Timothe Luwawu-Cabarrot,22,52,7,807,4.5,11.9,.375,2.4,7.0,.335,2.1,4.9,.431,2.1,2.6,.793,0.6,2.6,3.2,2.4,0.5,0.2,1.7,4.3,13.3,PHI
Richaun Holmes,24,48,2,746,6.5,11.6,.560,0.2,1.5,.129,6.3,10.1,.624,1.8,2.7,.661,2.8,7.4,10.2,2.9,1.0,1.4,1.2,4.7,15.0,PHI
Marco Belinelli,31,28,1,737,6.7,13.6,.495,2.8,7.2,.385,4.0,6.4,.618,2.3,2.6,.870,0.3,2.2,2.5,2.2,1.0,0.4,2.0,2.4,18.6,PHI
Ersan Ilyasova,30,23,3,554,6.0,13.8,.439,1.9,5.4,.361,4.1,8.4,.488,2.1,2.9,.733,2.9,7.1,10.0,2.5,1.1,0.6,1.9,4.2,16.2,PHI
Justin Anderson,24,38,0,519,6.0,14.0,.431,2.4,7.1,.330,3.7,6.9,.535,1.9,2.6,.737,1.7,4.7,6.5,1.7,1.0,0.5,1.1,3.7,16.4,PHI
Trevor Booker,30,33,0,494,4.4,7.9,.560,0.1,0.5,.286,4.3,7.4,.578,2.3,2.8,.821,3.4,5.5,8.9,2.0,1.2,0.8,1.5,3.6,11.4,PHI
Markelle Fultz,19,14,0,253,6.4,15.8,.405,0.0,0.1,.000,6.4,15.7,.409,1.4,3.0,.476,1.6,4.6,6.1,7.5,1.7,0.6,2.4,3.1,14.2,PHI
Furkan Korkmaz,20,14,0,80,3.6,12.6,.286,2.3,7.7,.294,1.4,5.0,.273,0.9,1.8,.500,0.9,4.1,5.0,1.8,0.9,0.5,0.9,5.4,10.4,PHI
James Young,22,6,0,61,3.0,8.3,.357,1.8,5.9,.300,1.2,2.4,.500,2.4,3.5,.667,0.0,1.2,1.2,1.2,0.0,0.0,0.6,2.4,10.0,PHI
Nik Stauskas,24,6,0,45,0.8,3.2,.250,0.0,0.8,.000,0.8,2.4,.333,1.6,1.6,1.000,0.0,0.8,0.8,0.8,3.2,0.0,3.2,2.4,3.2,PHI
Jahlil Okafor,22,2,0,25,5.8,13.0,.444,0.0,0.0,,5.8,13.0,.444,2.9,5.8,.500,5.8,7.2,13.0,1.4,0.0,2.9,4.3,10.1,14.4,PHI
James Michael McAdoo,25,3,0,18,4.0,14.0,.286,4.0,14.0,.286,0.0,0.0,,4.0,4.0,1.000,0.0,4.0,4.0,0.0,0.0,2.0,2.0,2.0,16.0,PHI
Demetrius Jackson,23,3,0,17,6.4,8.5,.750,2.1,2.1,1.000,4.2,6.4,.667,2.1,4.2,.500,2.1,0.0,2.1,8.5,2.1,0.0,2.1,2.1,16.9,PHI
Larry Drew,27,3,0,15,2.4,16.8,.143,0.0,7.2,.000,2.4,9.6,.250,0.0,0.0,,2.4,0.0,2.4,4.8,0.0,0.0,2.4,4.8,4.8,PHI
Jacob Pullen,28,3,0,6,6.0,12.0,.500,0.0,6.0,.000,6.0,6.0,1.000,0.0,0.0,,0.0,0.0,0.0,0.0,0.0,0.0,6.0,0.0,12.0,PHI
Andre Drummond,24,78,78,2625,6.4,12.1,.529,0.0,0.2,.000,6.4,11.9,.536,3.3,5.4,.605,5.5,11.6,17.1,3.3,1.6,1.7,2.7,3.4,16.1,DET
Ish Smith,29,82,35,2043,6.9,14.1,.486,0.6,1.8,.347,6.2,12.3,.506,1.4,2.0,.698,0.5,3.5,3.9,6.3,1.1,0.4,1.9,2.5,15.8,DET
Stanley Johnson,21,69,50,1894,4.0,10.6,.375,1.3,4.4,.286,2.7,6.2,.439,2.1,2.8,.772,0.6,4.2,4.8,2.1,1.8,0.3,1.5,3.2,11.4,DET
Anthony Tolliver,32,79,14,1757,4.5,9.7,.464,3.3,7.5,.436,1.2,2.2,.561,2.2,2.7,.797,1.0,3.9,4.9,1.8,0.7,0.4,1.2,3.0,14.4,DET
Reggie Bullock,26,62,52,1732,5.5,11.3,.489,2.6,5.8,.445,3.0,5.5,.536,0.8,1.0,.796,0.6,2.6,3.2,2.0,1.0,0.3,1.0,1.5,14.5,DET
Tobias Harris,25,48,48,1563,7.4,16.3,.451,2.6,6.4,.409,4.8,10.0,.478,2.6,3.1,.846,0.8,4.8,5.6,2.2,0.8,0.3,1.2,2.1,20.0,DET
Luke Kennard,21,73,9,1463,5.1,11.4,.443,2.0,4.8,.415,3.1,6.6,.463,1.6,1.9,.855,0.5,3.8,4.3,3.1,1.1,0.3,1.7,2.1,13.7,DET
Avery Bradley,27,40,40,1268,6.6,16.2,.409,2.1,5.5,.381,4.5,10.7,.423,1.7,2.3,.763,0.5,2.1,2.7,2.4,1.3,0.2,2.6,2.3,17.1,DET
Reggie Jackson,27,45,45,1201,7.4,17.3,.426,1.6,5.1,.308,5.8,12.2,.475,3.4,4.0,.836,0.9,2.9,3.7,7.1,0.8,0.1,3.0,2.6,19.7,DET
Langston Galloway,26,58,2,863,5.3,14.2,.371,3.1,9.1,.344,2.1,5.1,.418,1.4,1.7,.805,0.5,3.3,3.8,2.4,1.5,0.2,0.8,1.6,15.0,DET
Blake Griffin,28,25,25,831,7.8,18.1,.433,2.0,5.8,.348,5.8,12.3,.473,3.8,4.8,.784,1.2,6.0,7.2,6.7,0.5,0.4,2.9,2.6,21.5,DET
Eric Moreland,26,67,3,805,3.0,5.5,.541,0.0,0.0,,3.0,5.5,.541,0.5,1.3,.379,3.6,8.8,12.4,3.5,1.4,2.3,1.9,5.2,6.4,DET
James Ennis,27,27,8,551,4.8,10.6,.457,1.4,4.5,.304,3.5,6.1,.570,2.2,2.8,.767,1.3,3.1,4.4,1.4,1.0,0.4,1.2,3.5,13.2,DET
Dwight Buycks,28,29,0,427,6.9,16.7,.414,1.3,3.8,.333,5.6,12.9,.438,3.0,3.5,.878,1.0,2.4,3.5,5.0,1.6,0.2,3.3,3.3,18.1,DET
Henry Ellenson,21,38,0,329,5.8,16.0,.363,2.2,6.6,.333,3.6,9.4,.384,2.7,3.2,.862,1.1,7.8,8.9,2.2,0.5,0.0,2.0,2.4,16.5,DET
Boban Marjanovic,29,19,1,171,8.6,16.6,.519,0.0,0.0,,8.6,16.6,.519,7.6,9.5,.800,3.2,8.8,12.0,2.9,0.8,1.3,4.6,5.9,24.8,DET
Jon Leuer,28,8,0,136,4.0,9.5,.417,0.0,0.8,.000,4.0,8.7,.455,3.4,4.0,.867,1.9,6.6,8.5,1.3,0.3,0.8,1.9,4.2,11.4,DET
Jameer Nelson,35,7,0,116,3.4,12.1,.282,0.3,4.3,.071,3.1,7.8,.400,0.9,0.9,1.000,0.6,1.9,2.5,7.1,1.2,0.3,3.4,4.3,8.1,DET
Willie Reed,27,3,0,9,4.0,4.0,1.000,0.0,0.0,,4.0,4.0,1.000,0.0,0.0,,0.0,4.0,4.0,4.0,0.0,0.0,0.0,12.0,8.0,DET
Luis Montero,24,2,0,8,0.0,4.5,.000,0.0,0.0,,0.0,4.5,.000,0.0,0.0,,0.0,9.0,9.0,0.0,0.0,0.0,9.0,0.0,0.0,DET
Reggie Hearn,26,3,0,7,5.1,10.3,.500,5.1,10.3,.500,0.0,0.0,,0.0,0.0,,0.0,0.0,0.0,0.0,0.0,0.0,0.0,0.0,15.4,DET
Kay Felder,22,2,0,6,6.0,24.0,.250,0.0,6.0,.000,6.0,18.0,.333,0.0,0.0,,12.0,12.0,24.0,0.0,0.0,0.0,6.0,0.0,12.0,DET
Thaddeus Young,29,81,81,2607,5.8,11.9,.487,0.8,2.5,.320,5.0,9.4,.531,0.8,1.3,.598,2.5,4.5,7.1,2.1,1.9,0.5,1.4,2.4,13.2,IND
Victor Oladipo,25,75,75,2552,9.0,18.9,.477,2.3,6.1,.371,6.8,12.8,.528,4.1,5.2,.799,0.7,4.8,5.5,4.6,2.5,0.8,3.1,2.5,24.5,IND
Bojan Bogdanovic,28,80,80,2464,5.9,12.4,.474,2.3,5.6,.402,3.6,6.8,.534,2.6,3.0,.868,0.4,3.5,3.9,1.7,0.8,0.1,1.5,1.9,16.7,IND
Cory Joseph,26,82,17,2210,4.2,9.8,.424,1.1,3.1,.353,3.1,6.7,.457,1.1,1.5,.745,0.6,3.6,4.3,4.2,1.3,0.3,1.4,2.3,10.6,IND
Darren Collison,30,69,64,2018,5.6,11.4,.495,1.7,3.7,.468,3.9,7.7,.508,2.3,2.6,.882,0.7,2.5,3.2,6.6,1.6,0.3,1.5,2.2,15.3,IND
Lance Stephenson,27,82,7,1850,5.9,13.8,.427,1.3,4.5,.289,4.6,9.3,.495,1.6,2.5,.661,1.2,7.0,8.3,4.6,0.9,0.3,2.5,3.4,14.7,IND
Myles Turner,21,65,62,1836,6.0,12.5,.479,1.1,3.1,.357,4.9,9.5,.519,3.1,4.0,.777,1.8,6.4,8.2,1.7,0.7,2.3,1.9,3.6,16.2,IND
Domantas Sabonis,21,74,19,1810,6.8,13.1,.514,0.3,0.7,.351,6.5,12.4,.524,3.3,4.5,.750,3.3,8.1,11.4,3.0,0.8,0.6,2.7,4.4,17.1,IND
Joe Young,25,53,1,558,5.2,12.0,.430,1.6,4.3,.379,3.5,7.7,.458,1.4,1.9,.759,0.8,3.3,4.1,2.5,0.9,0.1,1.7,2.5,13.4,IND
Al Jefferson,33,36,1,484,8.3,15.5,.534,0.0,0.2,.000,8.3,15.2,.541,2.2,2.7,.833,2.2,8.4,10.6,2.2,1.2,1.7,1.6,4.9,18.7,IND
T.J. Leaf,20,53,0,459,5.0,10.7,.471,1.4,3.3,.429,3.6,7.4,.489,0.8,1.3,.625,2.3,4.2,6.4,0.7,0.4,0.3,0.8,3.5,12.2,IND
Glenn Robinson,24,23,1,338,3.8,9.1,.424,1.5,3.6,.412,2.3,5.4,.431,1.0,1.2,.818,1.2,2.8,3.9,1.8,1.4,0.1,0.5,1.5,10.1,IND
Trevor Booker,30,17,1,269,5.2,11.2,.464,0.4,1.9,.214,4.8,9.4,.514,1.3,1.5,.909,4.3,6.0,10.3,2.3,0.5,0.7,1.2,3.5,12.2,IND
Damien Wilkins,38,19,1,152,3.1,9.2,.333,0.9,4.3,.222,2.1,5.0,.429,0.7,0.9,.750,1.2,2.6,3.8,2.1,0.5,0.2,1.2,1.7,7.8,IND
Alex Poythress,24,25,0,104,3.8,9.0,.423,1.4,3.8,.364,2.4,5.2,.467,0.0,0.0,,2.4,3.5,5.9,0.7,1.0,0.3,0.7,5.5,9.0,IND
Ike Anigbogu,19,11,0,30,4.8,10.8,.444,0.0,0.0,,4.8,10.8,.444,6.0,7.2,.833,6.0,4.8,10.8,0.0,1.2,3.6,2.4,1.2,15.6,IND
Ben Moore,22,2,0,9,0.0,0.0,,0.0,0.0,,0.0,0.0,,0.0,0.0,,0.0,4.0,4.0,4.0,0.0,0.0,0.0,16.0,0.0,IND
Edmond Sumner,22,1,0,2,18.0,18.0,1.000,0.0,0.0,,18.0,18.0,1.000,0.0,0.0,,0.0,18.0,18.0,0.0,0.0,0.0,0.0,18.0,36.0,IND
Trey McKinney-Jones,27,1,0,1,0.0,0.0,,0.0,0.0,,0.0,0.0,,0.0,0.0,,0.0,0.0,0.0,0.0,0.0,0.0,0.0,0.0,0.0,IND
Jayson Tatum,19,80,80,2438,5.9,12.3,.475,1.6,3.6,.434,4.3,8.8,.492,3.1,3.8,.826,0.7,5.2,5.9,1.9,1.2,0.9,1.7,2.5,16.4,BOS
Al Horford,31,72,72,2277,5.8,11.9,.489,1.5,3.6,.429,4.3,8.3,.514,1.5,1.9,.783,1.6,6.8,8.4,5.4,0.7,1.2,2.1,2.2,14.7,BOS
Jaylen Brown,21,70,70,2152,6.2,13.4,.465,2.0,5.1,.395,4.2,8.3,.507,2.5,3.9,.644,1.1,4.7,5.8,1.9,1.2,0.4,2.1,3.0,17.0,BOS
Terry Rozier,23,80,16,2068,5.5,13.9,.395,2.7,7.0,.381,2.8,6.9,.410,2.0,2.6,.772,1.1,5.4,6.5,4.0,1.4,0.3,1.4,2.1,15.7,BOS
Kyrie Irving,25,60,60,1931,10.0,20.3,.491,3.1,7.6,.408,6.9,12.7,.541,4.3,4.9,.889,0.6,3.6,4.2,5.7,1.2,0.3,2.6,2.3,27.3,BOS
Marcus Smart,23,54,11,1614,4.2,11.5,.367,1.7,5.6,.301,2.5,5.9,.429,2.2,3.0,.729,1.0,3.3,4.2,5.8,1.6,0.5,2.9,3.0,12.3,BOS
Aron Baynes,31,81,67,1485,5.1,10.8,.471,0.1,0.5,.143,5.0,10.3,.487,1.4,1.9,.756,3.2,7.4,10.5,2.3,0.5,1.2,1.9,4.8,11.7,BOS
Marcus Morris,28,54,21,1447,6.5,15.2,.429,2.1,5.8,.368,4.4,9.4,.467,3.1,3.8,.805,1.1,6.1,7.2,1.8,0.9,0.3,1.6,2.5,18.3,BOS
Semi Ojeleye,23,73,0,1150,2.0,5.9,.346,1.3,3.9,.320,0.8,2.0,.397,0.8,1.3,.610,1.2,3.9,5.0,0.6,0.7,0.1,0.8,2.8,6.1,BOS
Daniel Theis,25,63,3,936,4.8,9.0,.541,0.7,2.2,.310,4.2,6.7,.617,2.3,3.1,.753,3.5,7.1,10.5,2.2,1.2,1.8,2.2,6.0,12.7,BOS
Shane Larkin,25,54,2,775,3.9,10.2,.384,1.4,4.0,.360,2.5,6.2,.398,1.5,1.7,.865,0.7,3.6,4.3,4.6,1.3,0.1,1.5,2.7,10.7,BOS
Abdel Nader,24,48,1,522,3.4,10.3,.336,1.6,4.5,.354,1.9,5.8,.321,1.6,2.7,.590,0.9,4.0,4.9,1.8,1.0,0.7,2.3,3.1,10.1,BOS
Greg Monroe,27,26,0,496,7.6,14.4,.530,0.0,0.0,,7.6,14.4,.530,4.0,5.0,.797,3.8,8.1,12.0,4.3,2.0,1.2,3.5,3.5,19.2,BOS
Guerschon Yabusele,22,33,4,235,4.0,9.3,.426,1.8,5.7,.324,2.1,3.7,.583,2.3,3.4,.682,2.6,5.4,8.0,2.5,0.6,0.8,1.8,3.5,12.1,BOS
Jabari Bird,23,13,1,115,4.7,8.1,.577,0.9,2.2,.429,3.8,5.9,.632,1.9,4.1,.462,1.9,4.1,5.9,2.5,0.9,0.3,2.5,2.2,12.2,BOS
Kadeem Allen,25,18,1,107,2.0,7.4,.273,0.0,3.7,.000,2.0,3.7,.545,2.4,3.0,.778,1.3,2.4,3.7,4.0,1.0,0.7,3.0,5.0,6.4,BOS
Jonathan Gibson,30,4,0,40,12.6,20.7,.609,5.4,10.8,.500,7.2,9.9,.727,0.0,0.0,,0.0,2.7,2.7,3.6,0.0,0.0,2.7,4.5,30.6,BOS
Xavier Silas,30,2,0,7,0.0,15.4,.000,0.0,10.3,.000,0.0,5.1,.000,0.0,0.0,,5.1,5.1,10.3,0.0,5.1,0.0,0.0,5.1,0.0,BOS
Jarell Eddie,26,2,0,6,0.0,6.0,.000,0.0,6.0,.000,0.0,0.0,,0.0,0.0,,0.0,6.0,6.0,0.0,6.0,0.0,0.0,0.0,0.0,BOS
Gordon Hayward,27,1,1,5,7.2,14.4,.500,0.0,7.2,.000,7.2,7.2,1.000,0.0,0.0,,0.0,7.2,7.2,0.0,0.0,0.0,0.0,7.2,14.4,BOS
Kemba Walker,27,80,80,2736,7.7,17.9,.431,3.0,7.9,.384,4.7,10.0,.469,4.8,5.5,.864,0.4,2.8,3.3,5.8,1.2,0.3,2.4,1.3,23.3,CHO
Dwight Howard,32,81,81,2463,7.4,13.3,.555,0.0,0.1,.143,7.4,13.2,.559,4.9,8.5,.574,3.7,11.1,14.8,1.5,0.7,1.9,3.0,3.6,19.7,CHO
Marvin Williams,31,78,78,2006,4.6,10.1,.458,2.3,5.5,.413,2.4,4.6,.512,1.8,2.2,.829,1.3,5.3,6.6,1.7,1.0,0.7,1.2,2.1,13.4,CHO
Nicolas Batum,29,64,64,1981,4.9,11.8,.415,1.7,5.0,.336,3.2,6.8,.473,2.0,2.4,.831,1.0,4.5,5.6,6.3,1.2,0.4,2.4,1.3,13.4,CHO
Jeremy Lamb,25,80,18,1967,7.0,15.2,.457,1.7,4.6,.370,5.2,10.6,.495,3.3,3.8,.861,0.9,5.0,5.9,3.4,1.1,0.6,1.7,2.5,18.9,CHO
Michael Kidd-Gilchrist,24,74,74,1850,5.5,10.9,.504,0.0,0.0,.000,5.5,10.9,.505,2.3,3.3,.684,1.6,4.2,5.9,1.4,1.0,0.6,1.0,2.8,13.3,CHO
Frank Kaminsky,24,79,4,1835,6.0,14.0,.429,2.0,5.4,.380,4.0,8.7,.459,3.0,3.8,.799,0.9,4.7,5.7,2.5,0.7,0.4,1.3,1.9,17.1,CHO
Treveon Graham,24,63,2,1050,3.3,7.6,.434,1.4,3.3,.412,1.9,4.3,.452,1.4,2.0,.695,1.4,2.7,4.1,2.0,1.1,0.1,0.9,3.7,9.4,CHO
Malik Monk,19,63,0,854,6.4,17.9,.360,3.5,10.2,.342,3.0,7.7,.385,1.3,1.6,.842,0.3,2.4,2.8,3.8,0.8,0.4,2.1,2.5,17.7,CHO
Michael Carter-Williams,26,52,2,835,3.3,9.9,.332,0.6,2.5,.237,2.7,7.3,.365,3.1,3.8,.820,1.6,4.4,5.9,5.0,1.9,1.0,2.2,4.3,10.3,CHO
Dwayne Bacon,22,53,6,713,3.6,9.7,.375,0.6,2.2,.256,3.1,7.5,.409,1.0,1.3,.800,0.2,6.1,6.3,1.9,0.8,0.1,1.2,2.3,8.8,CHO
Cody Zeller,25,33,0,627,4.9,9.0,.545,0.1,0.2,.667,4.8,8.8,.542,3.5,4.9,.718,3.8,6.3,10.2,1.8,0.8,1.2,1.9,4.7,13.4,CHO
Johnny O'Bryant,24,36,0,379,6.5,16.2,.398,1.3,4.1,.326,5.1,12.2,.422,2.0,2.4,.840,2.8,6.1,8.8,1.3,0.9,0.6,1.4,4.3,16.2,CHO
Willy Hernangomez,23,22,1,262,5.8,11.4,.506,0.5,1.0,.571,5.2,10.4,.500,6.5,8.5,.758,5.4,10.6,15.9,1.6,1.4,1.2,1.2,4.4,18.5,CHO
Julyan Stone,29,23,0,175,1.2,2.7,.462,1.2,2.7,.462,0.0,0.0,,0.2,0.4,.500,0.2,5.8,6.0,5.3,0.8,0.4,1.4,4.3,3.9,CHO
Marcus Paige,24,5,0,28,5.1,18.0,.286,2.6,10.3,.250,2.6,7.7,.333,2.6,2.6,1.000,0.0,5.1,5.1,3.9,0.0,0.0,0.0,0.0,15.4,CHO
Mangok Mathiang,25,4,0,20,7.2,12.6,.571,0.0,0.0,,7.2,12.6,.571,0.0,1.8,.000,5.4,12.6,18.0,0.0,1.8,0.0,0.0,9.0,14.4,CHO
Jonathon Simmons,28,69,50,2029,6.3,13.5,.465,1.2,3.6,.338,5.1,9.9,.512,3.3,4.3,.768,1.1,3.2,4.2,3.0,1.0,0.3,2.6,3.1,17.1,ORL
Aaron Gordon,22,58,57,1909,7.1,16.3,.434,2.2,6.4,.336,4.9,9.9,.497,3.0,4.2,.698,1.6,7.0,8.6,2.6,1.1,0.8,2.0,2.1,19.3,ORL
Evan Fournier,25,57,57,1837,7.2,15.7,.459,2.5,6.6,.379,4.7,9.2,.516,2.9,3.4,.867,0.5,3.1,3.5,3.2,0.9,0.3,1.9,2.7,19.9,ORL
D.J. Augustin,30,75,36,1760,5.0,11.0,.452,2.3,5.6,.419,2.7,5.5,.485,3.4,3.9,.868,0.6,2.7,3.3,5.9,1.1,0.0,2.5,1.9,15.7,ORL
Nikola Vucevic,27,57,57,1683,8.5,18.0,.475,1.4,4.4,.314,7.2,13.6,.527,1.6,2.0,.819,2.2,9.0,11.2,4.1,1.2,1.3,2.3,3.1,20.1,ORL
Mario Hezonja,22,75,30,1657,5.9,13.4,.442,2.0,5.8,.337,4.0,7.6,.523,1.9,2.3,.819,0.9,5.2,6.1,2.3,1.8,0.7,1.9,2.9,15.7,ORL
Bismack Biyombo,25,82,25,1495,4.4,8.5,.520,0.0,0.0,.000,4.4,8.5,.521,2.5,3.8,.650,3.5,7.8,11.3,1.6,0.5,2.3,2.0,3.8,11.3,ORL
Shelvin Mack,27,69,3,1365,4.7,10.9,.430,1.3,3.7,.345,3.4,7.3,.473,1.8,2.6,.711,0.6,3.8,4.4,7.2,1.4,0.2,2.3,2.4,12.5,ORL
Elfrid Payton,23,44,44,1257,6.8,13.1,.520,0.7,1.9,.373,6.1,11.2,.545,2.1,3.3,.632,1.3,3.6,5.0,7.9,1.8,0.5,3.3,2.8,16.4,ORL
Wesley Iwundu,23,62,12,1020,3.3,7.7,.427,0.3,1.6,.196,3.0,6.1,.488,1.2,1.7,.723,1.3,3.6,4.8,2.0,1.2,0.4,1.1,2.9,8.1,ORL
Arron Afflalo,32,53,3,682,3.4,8.6,.401,1.4,3.7,.386,2.0,4.9,.413,1.2,1.4,.846,0.2,3.3,3.5,1.6,0.2,0.5,1.1,3.0,9.4,ORL
Marreese Speights,30,52,3,675,7.4,18.6,.395,4.6,12.4,.369,2.8,6.2,.448,2.1,2.9,.727,1.1,6.0,7.1,2.1,0.4,1.2,2.1,5.7,21.4,ORL
Terrence Ross,26,24,20,600,4.6,11.5,.398,1.8,5.6,.323,2.8,5.9,.469,1.6,2.2,.750,0.6,3.8,4.4,2.3,1.6,0.7,1.7,2.7,12.5,ORL
Khem Birch,25,42,0,578,4.2,7.8,.540,0.0,0.0,,4.2,7.8,.540,2.6,3.8,.689,4.4,6.9,11.2,2.1,0.9,1.3,1.3,3.5,11.1,ORL
Jonathan Isaac,20,27,10,536,3.7,9.7,.379,1.1,3.1,.348,2.6,6.6,.394,1.3,1.7,.760,1.1,5.6,6.6,1.2,2.2,2.0,1.8,3.2,9.7,ORL
Rodney Purvis,23,16,2,290,4.3,13.3,.327,1.6,6.5,.250,2.7,6.8,.400,1.6,1.9,.867,0.1,3.2,3.4,2.1,0.4,0.4,1.2,3.2,11.9,ORL
Jamel Artis,25,15,1,279,4.0,10.2,.392,1.0,3.7,.276,3.0,6.5,.460,0.9,1.5,.583,0.5,4.4,4.9,2.3,0.3,0.4,1.0,1.4,9.9,ORL
Adreian Payne,26,5,0,43,5.9,8.4,.700,1.7,2.5,.667,4.2,5.9,.714,4.2,5.0,.833,1.7,5.9,7.5,0.0,1.7,0.0,1.7,5.0,17.6,ORL
Rashad Vaughn,21,5,0,35,2.1,6.2,.333,1.0,2.1,.500,1.0,4.1,.250,0.0,0.0,,1.0,3.1,4.1,0.0,1.0,0.0,2.1,2.1,5.1,ORL
Josh Richardson,24,81,81,2689,5.3,11.8,.451,1.7,4.5,.378,3.6,7.3,.495,1.6,1.9,.845,0.9,2.9,3.8,3.1,1.6,1.0,1.9,2.7,14.0,MIA
Goran Dragic,31,75,75,2378,7.3,16.3,.450,1.7,4.5,.370,5.6,11.7,.481,3.3,4.1,.801,0.8,3.8,4.6,5.4,1.0,0.2,2.5,2.7,19.6,MIA
Tyler Johnson,25,72,39,2052,5.4,12.5,.435,2.1,5.7,.367,3.3,6.8,.491,1.9,2.3,.822,0.6,3.8,4.4,2.9,1.1,0.6,1.4,2.6,14.8,MIA
Wayne Ellington,30,77,2,2041,5.0,12.3,.407,4.0,10.2,.392,1.0,2.1,.479,1.2,1.4,.859,0.4,3.4,3.8,1.4,0.9,0.1,0.9,1.7,15.2,MIA
James Johnson,30,73,41,1943,5.7,11.4,.503,1.1,3.4,.308,4.7,7.9,.587,2.1,3.0,.698,1.1,5.5,6.6,5.2,1.3,0.9,2.6,3.6,14.6,MIA
Kelly Olynyk,26,76,22,1779,6.4,12.9,.497,2.1,5.7,.379,4.2,7.2,.590,2.7,3.5,.770,1.8,6.9,8.7,4.2,1.3,0.7,3.0,4.5,17.6,MIA
Justise Winslow,21,68,25,1680,4.4,10.5,.424,1.0,2.8,.380,3.4,7.7,.440,1.4,2.2,.635,1.4,6.6,7.9,3.2,1.2,0.7,1.6,3.0,11.3,MIA
Bam Adebayo,20,69,19,1368,4.6,8.9,.512,0.0,0.2,.000,4.6,8.8,.523,3.4,4.7,.721,3.1,6.9,10.0,2.7,0.8,1.1,1.7,3.6,12.6,MIA
Hassan Whiteside,28,54,54,1364,8.2,15.3,.540,0.1,0.1,1.000,8.2,15.2,.538,3.4,4.8,.703,4.6,11.7,16.3,1.4,1.0,2.5,2.4,3.5,19.9,MIA
Dion Waiters,26,30,30,918,6.4,16.1,.398,2.0,6.7,.306,4.4,9.4,.463,2.0,2.7,.739,0.3,2.7,3.0,4.4,0.9,0.4,2.7,2.4,16.8,MIA
Dwyane Wade,36,21,0,467,7.8,19.0,.409,0.7,3.2,.220,7.1,15.9,.447,3.2,4.2,.745,0.8,4.6,5.5,5.0,1.5,1.2,3.7,3.1,19.4,MIA
Rodney McGruder,26,18,2,299,4.3,8.8,.493,1.8,4.2,.429,2.5,4.6,.553,0.5,1.0,.500,1.3,2.5,3.9,2.0,1.0,0.4,0.5,2.5,11.0,MIA
Jordan Mickey,23,23,3,284,4.9,10.4,.476,0.3,2.0,.125,4.7,8.4,.561,1.6,2.4,.684,2.3,8.0,10.3,1.1,0.8,1.3,2.3,4.6,11.8,MIA
Derrick Jones,20,14,8,212,3.2,8.3,.388,0.5,2.7,.188,2.7,5.6,.485,1.9,3.1,.611,3.2,2.5,5.8,1.0,0.5,1.5,1.0,3.7,8.8,MIA
Derrick Walton,22,16,0,147,2.0,6.1,.320,1.7,4.2,.412,0.2,2.0,.125,1.5,1.5,1.000,0.5,3.4,3.9,3.9,1.7,0.7,0.5,1.7,7.1,MIA
Luke Babbitt,28,13,5,145,2.7,11.7,.234,2.7,11.2,.244,0.0,0.5,.000,0.0,0.0,,0.5,3.2,3.7,1.2,0.2,0.5,1.0,1.7,8.2,MIA
Okaro White,25,6,4,80,3.2,7.2,.438,1.8,5.0,.364,1.4,2.3,.600,0.9,1.4,.667,1.4,3.6,5.0,0.9,0.5,0.5,0.5,2.7,9.0,MIA
Udonis Haslem,37,14,0,72,1.5,7.5,.200,0.5,4.0,.125,1.0,3.5,.286,0.5,1.0,.500,1.5,3.5,5.0,2.5,0.0,1.0,1.0,1.5,4.0,MIA
Matt Williams,24,3,0,11,6.5,19.6,.333,3.3,16.4,.200,3.3,3.3,1.000,0.0,0.0,,0.0,3.3,3.3,0.0,0.0,0.0,3.3,3.3,16.4,MIA
Bradley Beal,24,82,82,2977,8.3,17.9,.460,2.4,6.4,.375,5.9,11.5,.507,3.5,4.5,.791,0.7,3.7,4.4,4.5,1.2,0.4,2.6,1.9,22.5,WAS
Otto Porter,24,77,77,2432,6.6,13.1,.503,2.0,4.6,.441,4.5,8.5,.537,1.6,1.9,.828,1.5,5.8,7.3,2.3,1.7,0.6,1.1,2.2,16.8,WAS
Kelly Oubre,22,81,11,2231,5.1,12.7,.403,2.0,6.0,.341,3.1,6.8,.456,3.1,3.8,.820,1.0,4.9,5.9,1.6,1.3,0.6,1.5,3.8,15.4,WAS
Marcin Gortat,33,82,82,2075,5.0,9.7,.518,0.0,0.0,,5.0,9.7,.518,1.9,2.8,.675,3.1,7.7,10.8,2.6,0.7,1.1,1.7,3.0,12.0,WAS
Markieff Morris,28,73,73,1968,6.0,12.6,.480,1.4,3.8,.367,4.6,8.8,.529,1.9,2.3,.820,1.4,6.1,7.5,2.6,1.0,0.7,2.3,4.0,15.4,WAS
Tomas Satoransky,26,73,30,1643,4.4,8.4,.523,1.0,2.2,.465,3.4,6.2,.544,1.6,2.1,.781,1.6,3.5,5.1,6.3,1.1,0.3,1.8,2.9,11.5,WAS
John Wall,27,41,41,1410,7.1,17.0,.420,1.6,4.3,.371,5.6,12.8,.436,4.5,6.2,.726,0.6,3.3,3.8,10.0,1.5,1.1,4.0,2.0,20.3,WAS
Mike Scott,29,76,1,1406,7.1,13.4,.527,1.7,4.2,.405,5.4,9.2,.582,1.3,1.9,.658,1.3,5.0,6.3,2.0,0.6,0.3,2.0,3.8,17.1,WAS
Ian Mahinmi,31,77,0,1145,4.3,7.8,.556,0.0,0.1,.000,4.3,7.7,.561,2.8,4.0,.703,4.2,5.6,9.8,1.7,1.2,1.3,3.1,7.2,11.5,WAS
Jodie Meeks,30,77,0,1119,5.1,12.6,.399,2.3,6.8,.343,2.7,5.9,.464,3.2,3.8,.863,0.5,3.6,4.1,2.3,0.9,0.1,1.2,1.8,15.7,WAS
Tim Frazier,27,59,11,838,2.9,7.4,.395,0.7,2.4,.304,2.2,5.0,.440,1.0,1.3,.767,0.8,4.2,4.9,8.3,2.0,0.3,2.4,4.2,7.6,WAS
Jason Smith,31,33,2,285,5.7,14.5,.391,0.5,4.0,.125,5.2,10.5,.494,2.4,2.7,.905,2.3,4.4,6.7,1.8,0.4,1.6,2.0,5.6,14.3,WAS
Ramon Sessions,31,15,0,225,4.0,10.2,.391,1.0,2.4,.400,3.0,7.8,.388,5.1,6.7,.762,0.8,2.4,3.2,8.0,1.1,0.2,2.4,2.4,14.1,WAS
Chris McCullough,22,19,0,90,7.2,16.8,.429,0.4,3.2,.125,6.8,13.6,.500,3.6,5.6,.643,2.8,7.2,10.0,1.6,0.0,2.0,0.8,3.2,18.4,WAS
Devin Robinson,22,1,0,13,2.8,8.3,.333,0.0,0.0,,2.8,8.3,.333,0.0,0.0,,5.5,8.3,13.8,0.0,2.8,0.0,0.0,5.5,5.5,WAS
Spencer Dinwiddie,24,80,58,2306,5.1,13.1,.387,2.2,6.8,.326,2.9,6.3,.452,3.4,4.2,.813,0.6,3.4,4.0,8.2,1.1,0.4,2.0,2.9,15.7,BRK
Allen Crabbe,25,75,68,2197,5.5,13.6,.407,3.3,8.7,.378,2.2,4.8,.461,1.9,2.2,.852,0.5,4.9,5.3,1.9,0.8,0.6,1.3,2.8,16.2,BRK
DeMarre Carroll,31,73,73,2180,5.4,13.0,.414,2.4,6.5,.371,3.0,6.5,.457,3.1,4.1,.764,1.7,6.2,7.9,2.4,1.0,0.5,1.7,2.7,16.2,BRK
Joe Harris,26,78,14,1975,5.6,11.3,.491,2.7,6.5,.419,2.8,4.8,.589,1.6,1.9,.827,0.9,3.8,4.7,2.3,0.6,0.4,1.7,2.8,15.4,BRK
Rondae Hollis-Jefferson,23,68,59,1920,6.4,13.6,.472,0.2,1.0,.241,6.2,12.6,.491,4.7,5.9,.788,1.9,6.7,8.6,3.1,1.2,0.9,2.3,2.7,17.7,BRK
Caris LeVert,23,71,10,1864,6.2,14.2,.435,1.6,4.7,.347,4.5,9.5,.480,2.6,3.6,.711,1.0,4.0,5.0,5.8,1.6,0.4,3.0,3.1,16.6,BRK
Jarrett Allen,19,72,31,1441,5.8,9.9,.589,0.1,0.4,.333,5.7,9.5,.599,2.8,3.7,.776,3.6,6.1,9.7,1.2,0.7,2.2,2.0,3.7,14.7,BRK
Quincy Acy,27,70,8,1359,3.4,9.7,.356,2.7,7.7,.349,0.7,1.9,.384,1.3,1.6,.817,1.1,5.7,6.8,1.5,0.9,0.8,1.6,3.9,10.9,BRK
D'Angelo Russell,21,48,35,1234,8.1,19.6,.414,2.6,8.1,.324,5.5,11.5,.477,2.8,3.8,.740,0.9,4.6,5.5,7.3,1.1,0.5,4.3,2.7,21.7,BRK
Tyler Zeller,28,42,33,703,6.4,11.7,.546,0.5,1.3,.385,5.9,10.4,.567,2.0,3.1,.667,3.2,6.7,9.9,1.4,0.4,1.1,1.8,4.0,15.4,BRK
Nik Stauskas,24,35,0,478,4.4,11.3,.393,3.0,7.5,.404,1.4,3.8,.373,1.4,2.0,.704,0.3,4.4,4.7,2.9,0.4,0.3,1.7,1.6,13.3,BRK
Dante Cunningham,30,22,1,447,5.2,11.2,.468,1.9,4.8,.383,3.4,6.4,.532,0.9,1.3,.688,2.3,6.2,8.5,1.8,1.0,1.1,1.4,2.9,13.2,BRK
Trevor Booker,30,18,6,395,7.0,13.7,.513,0.3,1.1,.250,6.7,12.6,.536,2.2,3.9,.558,3.5,7.4,10.8,3.5,0.7,0.5,2.7,3.9,16.5,BRK
Timofey Mozgov,31,31,13,359,5.2,9.3,.559,0.4,1.8,.222,4.8,7.5,.640,2.3,3.0,.767,3.2,6.6,9.8,1.1,0.5,1.3,3.3,3.9,13.1,BRK
Jahlil Okafor,22,26,0,328,8.0,14.2,.566,0.1,0.4,.250,7.9,13.7,.576,2.1,2.7,.760,1.9,6.5,8.3,1.2,0.3,1.8,2.0,4.8,18.2,BRK
Sean Kilpatrick,28,16,0,183,4.9,17.1,.287,2.2,8.5,.256,2.8,8.7,.318,3.5,3.7,.947,0.2,6.7,6.9,3.0,0.4,0.2,3.1,1.6,15.5,BRK
Isaiah Whitehead,22,16,0,180,8.0,17.2,.465,1.4,3.6,.389,6.6,13.6,.485,2.6,3.8,.684,0.8,4.4,5.2,4.0,1.6,0.4,4.8,4.6,20.0,BRK
Milton Doyle,24,10,0,125,3.7,13.5,.277,1.2,6.6,.174,2.6,6.9,.375,1.2,2.3,.500,0.9,4.3,5.2,2.9,1.7,0.6,0.6,3.7,9.8,BRK
James Webb,24,10,0,120,1.8,7.2,.250,1.2,5.7,.211,0.6,1.5,.400,0.0,0.0,,2.4,4.8,7.2,1.2,0.3,0.0,1.2,3.0,4.8,BRK
Jacob Wiley,23,5,0,33,1.1,4.4,.250,1.1,2.2,.500,0.0,2.2,.000,1.1,2.2,.500,2.2,9.8,12.0,2.2,1.1,0.0,0.0,4.4,4.4,BRK
Jeremy Lin,29,1,1,25,7.2,17.3,.417,1.4,2.9,.500,5.8,14.4,.400,10.1,10.1,1.000,0.0,0.0,0.0,5.8,0.0,0.0,4.3,4.3,25.9,BRK
Rashad Vaughn,21,1,0,4,0.0,0.0,,0.0,0.0,,0.0,0.0,,0.0,0.0,,0.0,0.0,0.0,9.0,0.0,0.0,0.0,9.0,0.0,BRK
Courtney Lee,32,76,69,2310,5.3,11.8,.454,1.8,4.3,.406,3.6,7.4,.482,1.8,1.9,.919,0.5,3.0,3.5,2.8,1.2,0.3,1.3,1.7,14.2,NYK
Tim Hardaway,25,57,54,1885,6.9,16.3,.421,2.5,7.8,.317,4.4,8.5,.516,2.8,3.4,.816,0.6,3.7,4.3,3.0,1.2,0.2,1.8,2.3,19.0,NYK
Enes Kanter,25,71,71,1830,8.3,14.0,.592,0.0,0.0,.000,8.3,14.0,.594,3.1,3.6,.848,5.4,10.0,15.3,2.1,0.7,0.7,2.4,3.7,19.7,NYK
Frank Ntilikina,19,78,9,1706,3.8,10.6,.364,1.1,3.3,.318,2.8,7.2,.385,1.0,1.4,.721,0.8,3.0,3.7,5.3,1.4,0.4,2.8,3.8,9.8,NYK
Michael Beasley,29,74,30,1653,8.9,17.6,.507,0.7,1.9,.395,8.2,15.7,.520,2.7,3.5,.780,2.1,6.9,9.0,2.7,0.8,0.9,3.1,3.2,21.3,NYK
Kristaps Porzingis,22,48,48,1553,9.0,20.6,.439,2.1,5.3,.395,7.0,15.3,.454,5.1,6.4,.793,1.4,5.9,7.3,1.3,0.8,2.7,2.2,3.3,25.2,NYK
Jarrett Jack,34,62,56,1548,4.4,10.3,.427,0.6,2.0,.291,3.8,8.3,.459,1.5,1.7,.840,0.5,3.9,4.4,8.1,0.8,0.1,2.7,2.3,10.8,NYK
Kyle O'Quinn,27,77,10,1387,5.8,10.0,.583,0.1,0.4,.235,5.7,9.5,.599,2.5,3.3,.772,3.1,9.1,12.2,4.1,0.9,2.5,2.6,5.0,14.3,NYK
Lance Thomas,29,73,31,1353,2.7,7.1,.382,1.3,3.3,.403,1.4,3.8,.364,1.2,1.4,.830,1.2,3.5,4.7,1.2,0.8,0.4,1.1,3.6,7.9,NYK
Doug McDermott,26,55,1,1172,4.6,10.1,.460,1.6,4.2,.387,3.0,5.9,.513,1.2,1.6,.755,1.0,3.1,4.1,1.5,0.3,0.4,1.0,2.2,12.1,NYK
Trey Burke,25,36,9,785,8.9,17.6,.503,1.7,4.8,.362,7.1,12.8,.556,1.7,2.6,.649,0.6,2.7,3.3,7.8,1.1,0.2,2.0,2.0,21.1,NYK
Emmanuel Mudiay,21,22,14,493,5.5,14.9,.368,0.7,3.4,.196,4.8,11.5,.418,2.6,3.7,.686,0.7,3.5,4.2,6.2,1.5,0.5,3.0,2.4,14.2,NYK
Damyean Dotson,23,44,2,474,5.5,12.2,.447,1.7,5.2,.324,3.8,7.1,.538,1.2,1.7,.696,0.7,5.7,6.4,2.4,0.9,0.2,1.3,2.6,13.8,NYK
Ron Baker,24,29,1,385,1.9,5.5,.339,1.0,3.1,.333,0.8,2.4,.346,1.9,2.4,.769,0.5,2.3,2.8,4.4,2.4,0.6,1.7,3.1,6.6,NYK
Luke Kornet,22,20,1,326,5.4,13.8,.392,3.1,8.7,.354,2.3,5.1,.457,0.9,1.2,.727,1.2,5.9,7.1,2.9,0.7,1.8,1.3,3.1,14.8,NYK
Troy Williams,23,17,1,290,6.1,12.4,.490,1.4,4.1,.333,4.7,8.3,.567,2.4,3.4,.704,2.6,4.7,7.3,1.9,2.4,0.5,2.2,4.0,15.9,NYK
Isaiah Hicks,23,18,0,240,5.0,10.8,.458,0.3,1.4,.222,4.6,9.5,.492,1.8,2.7,.667,1.5,4.6,6.1,2.4,0.3,0.6,2.4,6.8,12.0,NYK
Willy Hernangomez,23,26,0,233,7.6,12.5,.605,0.2,0.8,.200,7.4,11.7,.632,1.9,4.3,.429,3.4,7.0,10.4,3.2,1.2,1.1,4.0,4.9,17.2,NYK
Ramon Sessions,31,13,3,167,3.7,11.4,.321,0.4,2.4,.182,3.2,9.1,.357,2.6,3.2,.800,0.2,3.7,3.9,5.8,1.5,0.2,3.2,3.0,10.3,NYK
Joakim Noah,32,7,0,40,4.5,9.0,.500,0.0,0.0,,4.5,9.0,.500,1.8,3.6,.500,5.4,7.2,12.6,3.6,1.8,1.8,3.6,4.5,10.8,NYK
Mindaugas Kuzminskas,28,1,0,2,0.0,36.0,.000,0.0,0.0,,0.0,36.0,.000,0.0,0.0,,0.0,0.0,0.0,0.0,0.0,0.0,0.0,0.0,0.0,NYK
Taurean Waller-Prince,23,82,82,2464,6.1,14.2,.426,2.6,6.7,.385,3.5,7.6,.461,2.2,2.6,.844,0.7,5.0,5.7,3.1,1.2,0.6,2.8,2.5,16.9,ATL
Dennis Schroder,24,67,67,2078,8.7,19.9,.436,1.3,4.5,.290,7.3,15.3,.480,3.9,4.6,.849,0.8,2.8,3.6,7.2,1.2,0.1,3.2,2.5,22.5,ATL
Kent Bazemore,28,65,65,1789,5.7,13.6,.420,2.2,5.5,.394,3.5,8.1,.438,3.2,4.0,.796,0.5,4.5,5.0,4.6,2.0,0.9,3.2,3.0,16.8,ATL
John Collins,20,74,26,1785,6.3,11.0,.576,0.3,0.9,.340,6.0,10.0,.598,2.7,3.8,.715,3.5,7.4,10.9,2.0,0.9,1.6,2.1,4.3,15.7,ATL
Dewayne Dedmon,28,62,46,1542,5.8,11.1,.524,1.2,3.3,.355,4.7,7.8,.595,1.6,2.0,.779,2.3,9.1,11.4,2.1,0.9,1.2,2.0,3.8,14.4,ATL
Marco Belinelli,31,52,1,1210,5.9,14.4,.410,2.7,7.3,.372,3.2,7.1,.450,3.0,3.2,.927,0.4,2.6,3.0,3.1,1.4,0.1,1.6,1.2,17.6,ATL
Ersan Ilyasova,30,46,40,1175,5.6,12.3,.459,1.9,5.2,.359,3.8,7.1,.532,2.2,2.8,.800,2.3,5.4,7.7,1.6,1.3,0.5,1.3,2.8,15.3,ATL
Isaiah Taylor,23,67,9,1167,5.0,12.0,.418,0.6,2.5,.250,4.4,9.6,.461,3.1,4.3,.702,0.7,2.2,2.9,6.4,1.0,0.3,2.6,3.6,13.7,ATL
Mike Muscala,26,53,7,1060,4.9,10.6,.458,2.1,5.7,.371,2.8,4.9,.559,1.9,2.1,.919,1.9,5.9,7.8,1.7,1.1,0.9,1.4,2.7,13.8,ATL
Malcolm Delaney,28,54,3,1014,3.9,10.1,.382,1.6,4.4,.371,2.2,5.7,.391,2.6,3.3,.804,0.3,3.2,3.6,5.8,1.2,0.2,2.3,2.9,12.0,ATL
Tyler Dorsey,21,56,5,974,5.3,14.1,.377,2.7,7.4,.362,2.7,6.8,.393,1.7,2.3,.714,0.6,4.2,4.8,2.9,0.6,0.2,1.4,2.3,15.0,ATL
Miles Plumlee,29,55,35,918,4.1,7.1,.583,0.0,0.0,,4.1,7.1,.583,1.1,2.4,.450,3.0,5.9,8.9,1.8,0.7,1.2,2.5,3.1,9.3,ATL
Luke Babbitt,28,37,9,570,5.1,10.6,.476,3.1,7.0,.441,2.0,3.6,.544,1.1,1.4,.773,0.3,4.8,5.1,1.6,0.4,0.3,0.9,3.0,14.3,ATL
Tyler Cavanaugh,23,39,1,518,4.7,10.6,.441,2.2,6.2,.360,2.4,4.4,.556,1.2,1.5,.810,3.1,5.7,8.8,1.9,0.6,0.3,1.0,4.2,12.7,ATL
DeAndre' Bembry,23,26,3,455,4.2,10.1,.414,0.9,2.4,.367,3.3,7.8,.429,1.5,2.6,.576,0.6,5.1,5.7,3.9,1.7,0.9,3.7,3.0,10.8,ATL
Damion Lee,25,15,11,404,5.5,13.5,.408,1.3,5.3,.250,4.2,8.2,.511,2.0,2.6,.759,1.0,5.3,6.3,2.6,1.7,0.1,1.2,2.2,14.3,ATL
Josh Magette,28,18,0,216,2.5,7.7,.326,1.3,3.7,.364,1.2,4.0,.292,1.3,1.3,1.000,0.3,2.8,3.2,9.5,1.3,0.2,1.5,2.7,7.7,ATL
Andrew White,24,15,0,209,4.3,12.6,.342,3.1,8.4,.367,1.2,4.1,.292,0.2,0.7,.250,0.7,5.2,5.9,1.0,0.5,0.2,1.4,2.1,11.9,ATL
Jaylen Morris,22,6,0,98,4.8,11.8,.406,0.7,3.7,.200,4.0,8.1,.500,0.0,0.0,,0.7,5.1,5.9,2.6,0.7,0.4,2.2,0.7,10.3,ATL
Antonius Cleveland,23,4,0,42,3.4,6.0,.571,2.6,2.6,1.000,0.9,3.4,.250,1.7,1.7,1.000,0.9,2.6,3.4,0.0,0.9,0.9,4.3,10.3,11.1,ATL
Nicolas Brussino,24,4,0,10,0.0,7.2,.000,0.0,7.2,.000,0.0,0.0,,0.0,0.0,,0.0,10.8,10.8,0.0,0.0,0.0,0.0,0.0,0.0,ATL
Jeremy Evans,30,1,0,5,7.2,7.2,1.000,0.0,0.0,,7.2,7.2,1.000,0.0,0.0,,7.2,0.0,7.2,0.0,0.0,0.0,7.2,7.2,14.4,ATL
Justin Holiday,28,72,72,2265,4.6,12.4,.371,2.6,7.1,.359,2.1,5.3,.387,2.1,2.6,.823,0.5,4.1,4.6,2.4,1.3,0.5,1.5,2.1,13.9,CHI
Denzel Valentine,24,77,37,2095,5.2,12.4,.417,2.5,6.4,.386,2.7,6.0,.450,0.7,0.9,.745,0.8,5.9,6.8,4.2,1.1,0.2,1.7,3.2,13.5,CHI
Lauri Markkanen,20,68,68,2020,6.7,15.4,.434,2.6,7.1,.362,4.1,8.2,.497,2.5,3.0,.843,1.4,7.6,9.1,1.4,0.7,0.7,1.5,1.8,18.4,CHI
Robin Lopez,29,64,64,1690,7.3,13.7,.530,0.1,0.3,.286,7.2,13.4,.536,1.4,1.9,.756,2.9,3.3,6.2,2.6,0.3,1.1,2.3,2.3,16.1,CHI
Jerian Grant,25,74,26,1686,4.5,10.7,.416,1.3,4.0,.326,3.2,6.7,.468,3.0,4.0,.745,0.7,3.0,3.7,7.3,1.3,0.2,1.9,2.8,13.2,CHI
David Nwaba,25,70,21,1646,4.4,9.3,.478,0.4,1.1,.346,4.0,8.1,.496,2.9,4.4,.655,1.9,5.2,7.1,2.3,1.3,0.6,1.7,3.5,12.1,CHI
Bobby Portis,22,73,4,1643,8.4,17.8,.471,1.8,4.9,.359,6.6,12.9,.514,2.6,3.4,.769,3.5,7.4,10.9,2.7,1.1,0.5,2.3,2.8,21.1,CHI
Kris Dunn,23,52,43,1525,6.8,15.7,.429,1.0,3.2,.321,5.7,12.6,.457,2.0,2.7,.737,0.6,4.7,5.2,7.3,2.5,0.6,3.5,4.1,16.5,CHI
Cristiano Felicio,25,55,16,977,4.7,7.9,.591,0.0,0.1,.000,4.7,7.8,.596,2.0,3.0,.667,3.1,5.5,8.6,2.0,0.6,0.4,2.0,3.8,11.3,CHI
Paul Zipser,23,54,12,824,3.5,10.2,.346,1.6,4.8,.336,1.9,5.4,.355,0.8,1.1,.760,0.6,5.2,5.7,2.0,0.9,0.7,1.9,3.8,9.5,CHI
Zach LaVine,22,24,24,656,7.5,19.5,.383,2.3,6.8,.341,5.2,12.7,.405,4.8,5.9,.813,0.5,4.7,5.2,4.0,1.3,0.2,2.4,3.0,22.0,CHI
Nikola Mirotic,26,25,3,622,8.3,17.5,.474,4.0,9.3,.429,4.3,8.2,.525,3.8,4.6,.823,1.0,8.2,9.2,2.3,0.9,0.8,1.8,2.6,24.3,CHI
Cameron Payne,23,25,14,582,5.4,13.3,.405,2.2,5.6,.385,3.2,7.7,.419,0.7,1.0,.750,1.1,3.2,4.3,7.0,1.6,0.6,2.2,2.7,13.7,CHI
Noah Vonleh,22,21,4,399,5.1,12.5,.413,1.6,5.4,.300,3.5,7.0,.500,1.2,2.4,.481,3.2,9.8,13.0,1.9,1.2,0.5,1.4,2.3,13.1,CHI
Antonio Blakeney,21,19,0,314,6.1,16.4,.371,1.7,6.0,.288,4.4,10.4,.418,3.4,4.5,.769,0.5,3.3,3.8,2.3,0.8,0.1,1.3,2.2,17.3,CHI
Ryan Arcidiacono,23,24,0,304,2.0,4.9,.415,1.1,3.7,.290,0.9,1.2,.800,0.6,0.7,.833,0.1,2.8,3.0,4.1,1.5,0.0,1.5,2.1,5.7,CHI
Sean Kilpatrick,28,9,1,214,7.9,18.0,.439,3.2,8.1,.396,4.7,9.9,.475,4.4,5.4,.813,0.5,3.7,4.2,2.2,1.0,0.5,2.0,1.3,23.4,CHI
Quincy Pondexter,29,23,1,196,2.6,9.0,.286,0.6,4.0,.136,2.0,5.0,.407,2.6,3.1,.824,1.5,3.5,5.0,1.7,1.5,0.4,2.0,4.4,8.3,CHI
Kay Felder,22,14,0,134,5.4,17.7,.303,1.1,4.8,.222,4.3,12.9,.333,3.0,3.2,.917,0.3,3.5,3.8,5.4,0.8,0.3,4.0,3.0,14.8,CHI
Omer Asik,31,4,0,61,1.2,3.5,.333,0.0,0.0,,1.2,3.5,.333,0.0,0.6,.000,1.2,4.7,5.9,0.6,0.6,1.2,2.4,3.5,2.4,CHI
Jarell Eddie,26,1,0,3,0.0,12.0,.000,0.0,12.0,.000,0.0,0.0,,0.0,0.0,,0.0,0.0,0.0,0.0,0.0,0.0,0.0,0.0,0.0,CHI
LeBron James,33,82,82,3026,10.2,18.8,.542,1.8,4.8,.367,8.4,14.0,.603,4.6,6.3,.731,1.2,7.3,8.4,8.9,1.4,0.8,4.1,1.6,26.8,CLE
J.R. Smith,32,80,61,2244,3.9,9.5,.403,2.3,6.1,.375,1.6,3.4,.453,0.6,0.9,.696,0.5,3.3,3.8,2.3,1.1,0.2,1.3,2.6,10.6,CLE
Jeff Green,31,78,13,1828,5.8,12.2,.477,1.0,3.3,.312,4.8,8.8,.540,4.0,4.6,.868,1.2,3.7,4.8,1.9,0.8,0.7,1.5,2.9,16.7,CLE
Kevin Love,29,59,59,1651,7.3,15.9,.458,3.0,7.2,.415,4.3,8.7,.494,5.1,5.8,.880,2.2,9.7,11.9,2.2,0.9,0.5,2.0,2.6,22.7,CLE
Kyle Korver,36,73,4,1574,5.1,11.1,.459,3.8,8.6,.436,1.3,2.5,.537,1.5,1.6,.889,0.2,3.6,3.8,2.0,0.7,0.6,1.3,3.0,15.4,CLE
Jae Crowder,27,53,47,1346,4.2,10.1,.418,1.7,5.1,.328,2.5,5.0,.508,2.1,2.5,.848,1.1,3.5,4.6,1.6,1.1,0.3,1.1,3.3,12.1,CLE
Tristan Thompson,26,53,22,1072,4.4,7.9,.562,0.0,0.0,,4.4,7.9,.562,1.4,2.7,.544,4.2,7.6,11.8,1.1,0.5,0.6,1.2,3.4,10.3,CLE
Dwyane Wade,36,46,3,1069,6.7,14.6,.455,0.8,2.4,.329,5.9,12.3,.479,3.2,4.5,.701,1.3,4.8,6.1,5.5,1.4,1.1,3.1,2.8,17.3,CLE
Jose Calderon,36,57,32,914,3.7,7.3,.503,1.8,3.8,.464,1.9,3.5,.545,0.9,1.2,.800,0.6,2.8,3.3,4.6,1.1,0.1,1.6,3.2,10.0,CLE
Cedi Osman,22,61,12,672,4.8,10.0,.484,1.7,4.7,.368,3.1,5.3,.586,1.4,2.5,.565,1.0,5.4,6.4,2.2,1.2,0.2,1.7,4.2,12.7,CLE
George Hill,31,24,24,669,4.5,10.1,.444,1.5,4.1,.351,3.0,5.9,.509,1.8,2.2,.805,1.1,2.4,3.4,3.6,1.2,0.8,1.5,2.9,12.2,CLE
Jordan Clarkson,25,28,0,632,7.5,16.3,.456,2.5,6.2,.407,5.0,10.2,.486,2.7,3.3,.810,0.7,2.6,3.3,2.7,1.1,0.2,1.8,2.5,20.1,CLE
Channing Frye,34,44,1,545,5.5,11.2,.497,2.0,5.9,.333,3.6,5.2,.684,0.9,1.0,.933,0.7,6.6,7.3,1.8,1.1,0.8,1.1,3.6,14.0,CLE
Rodney Hood,25,21,11,532,6.0,13.5,.442,1.7,4.8,.352,4.3,8.7,.492,1.8,2.2,.813,0.5,3.1,3.7,2.0,1.0,0.3,0.5,2.8,15.4,CLE
Larry Nance,25,24,10,499,6.3,11.5,.550,0.1,0.6,.125,6.3,11.0,.572,2.6,3.6,.720,3.8,8.3,12.1,1.8,2.1,1.3,0.7,4.3,15.4,CLE
Isaiah Thomas,28,15,14,406,6.2,17.2,.361,2.0,7.7,.253,4.3,9.5,.449,5.2,6.0,.868,0.6,2.1,2.7,6.0,0.8,0.2,3.6,2.2,19.6,CLE
Derrick Rose,29,16,7,308,6.8,15.4,.439,0.7,2.8,.250,6.1,12.6,.481,4.1,4.8,.854,1.2,2.2,3.4,3.0,0.4,0.5,3.3,1.6,18.4,CLE
Iman Shumpert,27,14,6,276,2.9,7.6,.379,0.9,3.4,.269,2.0,4.2,.469,1.4,2.0,.733,0.9,4.4,5.3,2.2,1.2,0.5,2.1,2.9,8.1,CLE
Ante Zizic,21,32,2,214,8.2,11.3,.731,0.0,0.0,,8.2,11.3,.731,3.5,4.9,.724,4.0,6.1,10.1,0.8,0.3,2.2,1.9,5.0,20.0,CLE
John Holland,29,24,0,174,3.5,12.2,.288,2.3,7.4,.306,1.2,4.8,.261,1.9,2.7,.692,1.2,3.7,5.0,1.0,1.4,0.4,1.7,2.1,11.2,CLE
London Perrantes,23,14,0,66,1.1,7.1,.154,0.0,1.6,.000,1.1,5.5,.200,1.6,2.7,.600,0.5,1.6,2.2,2.7,1.1,0.5,0.5,3.3,3.8,CLE
Kendrick Perkins,33,1,0,15,2.4,4.8,.500,0.0,0.0,,2.4,4.8,.500,2.4,4.8,.500,0.0,2.4,2.4,4.8,2.4,0.0,2.4,2.4,7.2,CLE
Lou Williams,31,79,19,2589,8.1,18.6,.435,2.6,7.2,.359,5.5,11.4,.484,6.0,6.8,.880,0.6,2.2,2.8,5.8,1.2,0.3,3.3,1.5,24.8,LAC
DeAndre Jordan,29,77,77,2424,5.5,8.6,.645,0.0,0.0,,5.5,8.6,.645,2.7,4.6,.580,4.9,12.5,17.4,1.7,0.6,1.1,2.0,3.0,13.8,LAC
Austin Rivers,25,61,59,2057,6.0,14.1,.424,2.4,6.3,.378,3.6,7.8,.461,1.8,2.8,.642,0.5,2.1,2.5,4.2,1.3,0.3,1.9,2.7,16.1,LAC
Wesley Johnson,30,74,40,1486,3.6,8.9,.408,1.5,4.3,.339,2.2,4.6,.471,1.0,1.4,.741,0.7,4.5,5.2,1.5,1.8,1.5,1.3,3.5,9.8,LAC
Montrezl Harrell,24,76,3,1293,9.7,15.3,.635,0.0,0.2,.143,9.7,15.1,.641,3.9,6.2,.626,2.9,5.7,8.5,2.1,1.0,1.4,1.9,4.0,23.3,LAC
Sindarius Thornwell,23,73,17,1156,3.1,7.3,.429,0.7,1.9,.377,2.4,5.4,.448,1.8,2.7,.670,1.0,3.3,4.4,2.1,1.5,0.8,1.7,3.9,8.8,LAC
Blake Griffin,28,33,33,1139,8.1,18.3,.441,2.0,5.9,.342,6.0,12.4,.488,5.4,6.9,.785,1.5,6.8,8.3,5.7,0.9,0.3,3.1,2.5,23.6,LAC
Milos Teodosic,30,45,36,1134,4.8,11.4,.419,2.8,7.4,.379,2.0,4.1,.492,1.2,1.5,.848,0.5,3.5,4.0,6.6,0.7,0.2,3.1,3.3,13.6,LAC
Tobias Harris,25,32,32,1105,7.9,16.7,.473,2.3,5.5,.414,5.6,11.2,.501,2.1,2.6,.800,0.7,5.6,6.3,3.2,1.2,0.7,1.8,2.4,20.1,LAC
Sam Dekker,23,73,1,883,5.2,10.6,.494,0.4,2.4,.167,4.8,8.1,.593,1.5,2.3,.661,1.8,5.3,7.1,1.5,1.0,0.4,1.3,2.9,12.4,LAC
Tyrone Wallace,23,30,19,851,4.7,10.4,.445,0.4,1.7,.250,4.2,8.8,.483,2.6,3.3,.782,0.9,3.6,4.4,3.0,1.1,0.5,1.9,3.5,12.3,LAC
Jawun Evans,21,48,4,778,4.1,11.7,.352,0.7,2.5,.278,3.4,9.2,.372,1.8,2.3,.776,0.4,3.5,3.9,4.6,1.7,0.3,2.0,4.5,10.7,LAC
C.J. Williams,27,38,17,707,4.4,10.0,.442,1.1,4.0,.282,3.3,6.1,.546,0.7,0.8,.813,0.6,2.2,2.9,2.2,1.6,0.7,1.0,3.2,10.6,LAC
Danilo Gallinari,29,21,21,671,5.5,13.7,.398,1.9,6.0,.324,3.5,7.8,.455,4.3,4.7,.931,0.5,4.9,5.4,2.2,0.6,0.5,1.4,1.6,17.2,LAC
Willie Reed,27,39,5,419,6.9,10.3,.667,0.1,0.2,.500,6.8,10.1,.669,2.7,4.7,.582,3.0,7.3,10.3,0.8,0.8,1.9,1.6,4.6,16.6,LAC
Patrick Beverley,29,11,11,334,5.2,12.8,.403,2.6,6.5,.400,2.6,6.4,.407,1.5,1.8,.824,1.7,3.1,4.9,3.4,2.0,0.5,2.7,3.7,14.4,LAC
Jamil Wilson,27,15,10,274,5.0,10.6,.469,3.5,8.3,.429,1.4,2.4,.611,0.3,0.5,.500,0.4,3.8,4.2,1.3,0.7,1.1,1.1,4.5,13.8,LAC
Boban Marjanovic,29,20,0,166,8.2,15.0,.551,0.0,0.0,,8.2,15.0,.551,8.9,11.3,.788,7.2,11.7,18.9,1.7,1.3,1.1,3.0,5.0,25.4,LAC
Avery Bradley,27,6,6,165,5.7,12.0,.473,0.2,2.0,.111,5.5,10.0,.543,0.4,0.4,1.000,0.7,4.1,4.8,2.4,1.1,0.2,1.7,2.6,12.0,LAC
Sean Kilpatrick,28,4,0,38,6.6,17.1,.389,2.8,6.6,.429,3.8,10.4,.364,1.9,1.9,1.000,0.0,1.9,1.9,2.8,0.0,0.0,0.9,1.9,18.0,LAC
Brice Johnson,23,9,0,38,6.6,10.4,.636,0.0,0.9,.000,6.6,9.5,.700,1.9,1.9,1.000,1.9,10.4,12.3,0.9,5.7,1.9,3.8,6.6,15.2,LAC
Will Barton,27,81,40,2683,6.2,13.8,.452,2.1,5.7,.370,4.1,8.1,.510,2.4,3.0,.805,0.9,4.5,5.5,4.4,1.1,0.7,2.0,2.3,17.0,DEN
Jamal Murray,20,81,80,2565,6.7,14.9,.451,2.3,6.1,.378,4.4,8.8,.502,3.2,3.6,.905,1.2,3.0,4.2,3.8,1.1,0.4,2.4,2.4,19.0,DEN
Nikola Jokic,22,75,73,2443,7.4,14.9,.499,1.6,4.1,.396,5.8,10.8,.538,3.9,4.6,.850,2.9,9.0,11.8,6.7,1.3,0.9,3.1,3.1,20.4,DEN
Wilson Chandler,30,74,71,2346,4.3,9.7,.445,1.4,3.8,.358,3.0,5.9,.501,1.4,1.7,.772,1.6,4.5,6.1,2.4,0.7,0.6,1.4,2.4,11.3,DEN
Gary Harris,23,67,65,2304,6.9,14.2,.485,2.4,6.2,.396,4.4,8.0,.553,2.1,2.5,.827,0.6,2.2,2.7,3.0,1.9,0.2,1.9,1.9,18.3,DEN
Mason Plumlee,27,74,26,1439,5.5,9.2,.601,0.0,0.0,.000,5.5,9.2,.602,2.1,4.5,.458,3.3,6.7,10.0,3.6,1.2,2.0,2.6,4.6,13.1,DEN
Trey Lyles,22,73,2,1391,7.0,14.2,.491,2.1,5.6,.381,4.8,8.6,.563,2.6,3.7,.706,1.4,7.6,9.0,2.4,0.8,0.9,1.6,2.9,18.7,DEN
Paul Millsap,32,38,37,1143,6.4,13.7,.464,1.2,3.6,.345,5.1,10.1,.506,3.5,5.1,.696,2.0,5.7,7.7,3.3,1.2,1.4,2.3,3.1,17.5,DEN
Emmanuel Mudiay,21,42,0,752,6.2,15.4,.401,1.8,4.9,.373,4.4,10.5,.414,3.0,3.7,.808,0.8,3.7,4.5,5.8,1.0,0.2,3.4,2.3,17.2,DEN
Torrey Craig,27,39,5,629,3.5,7.8,.453,1.0,3.3,.293,2.6,4.5,.570,1.3,2.0,.629,2.3,5.0,7.3,1.4,0.7,0.9,1.1,3.6,9.3,DEN
Malik Beasley,21,62,0,583,4.5,11.0,.410,1.7,5.1,.341,2.8,5.9,.469,1.4,2.0,.667,0.9,3.5,4.4,1.9,0.9,0.4,1.5,2.2,12.1,DEN
Devin Harris,34,27,0,533,4.7,11.5,.406,2.4,6.9,.343,2.3,4.6,.500,3.3,3.9,.845,0.2,2.6,2.8,4.5,0.9,0.3,1.8,3.7,15.0,DEN
Kenneth Faried,28,32,7,461,5.9,11.6,.514,0.0,0.1,.000,5.9,11.5,.517,2.8,4.0,.706,5.3,6.6,11.9,1.4,0.9,1.0,1.8,4.0,14.7,DEN
Juan Hernangomez,22,25,3,277,3.8,9.7,.387,1.8,6.5,.280,1.9,3.2,.600,1.3,1.6,.833,2.3,4.7,7.0,1.6,0.8,0.4,1.2,3.2,10.7,DEN
Richard Jefferson,37,20,0,163,2.7,6.0,.444,0.4,1.5,.286,2.2,4.4,.500,0.9,1.5,.571,0.4,3.3,3.8,3.3,0.4,0.2,1.1,2.4,6.6,DEN
Darrell Arthur,29,19,1,141,5.6,12.0,.468,2.0,5.9,.348,3.6,6.1,.583,0.5,0.8,.667,0.8,3.1,3.8,2.3,2.0,0.8,3.8,5.6,13.8,DEN
Monte Morris,22,3,0,25,5.8,8.6,.667,0.0,1.4,.000,5.8,7.2,.800,2.9,2.9,1.000,0.0,2.9,2.9,10.1,4.3,0.0,1.4,1.4,14.4,DEN
Tyler Lydon,21,1,0,2,0.0,0.0,,0.0,0.0,,0.0,0.0,,0.0,0.0,,0.0,0.0,0.0,0.0,0.0,0.0,0.0,0.0,0.0,DEN
Russell Westbrook,29,80,80,2914,9.4,20.8,.449,1.2,4.0,.298,8.2,16.8,.485,5.2,7.0,.737,1.9,8.1,9.9,10.1,1.8,0.2,4.7,2.5,25.1,OKC
Paul George,27,79,79,2891,7.2,16.7,.430,3.0,7.6,.401,4.1,9.1,.454,4.2,5.1,.822,0.9,4.7,5.6,3.3,2.0,0.5,2.6,2.9,21.6,OKC
Carmelo Anthony,33,78,78,2501,6.8,16.8,.404,2.4,6.8,.357,4.4,10.0,.437,2.1,2.8,.767,1.0,5.6,6.5,1.5,0.7,0.7,1.4,2.8,18.2,OKC
Steven Adams,24,76,76,2487,6.5,10.3,.629,0.0,0.0,.000,6.5,10.3,.631,2.3,4.1,.559,5.6,4.4,9.9,1.3,1.3,1.1,1.9,3.1,15.3,OKC
Jerami Grant,23,81,1,1647,5.3,10.0,.535,0.7,2.4,.291,4.6,7.6,.613,3.5,5.2,.675,1.9,5.1,7.0,1.2,0.7,1.7,1.2,3.4,14.9,OKC
Raymond Felton,33,82,2,1365,5.9,14.6,.406,2.1,6.1,.352,3.8,8.5,.444,0.9,1.2,.818,0.7,3.5,4.1,5.4,1.3,0.4,2.0,2.4,14.9,OKC
Patrick Patterson,28,82,3,1270,3.0,7.5,.398,1.9,4.8,.386,1.1,2.7,.421,1.1,1.3,.870,0.9,4.6,5.5,1.6,1.4,0.7,0.9,2.5,9.0,OKC
Alex Abrines,24,75,8,1134,3.7,9.2,.395,2.7,7.0,.380,1.0,2.2,.443,1.2,1.5,.848,0.8,2.8,3.6,0.9,1.2,0.3,0.8,3.9,11.2,OKC
Andre Roberson,26,39,39,1037,3.0,5.6,.537,0.3,1.2,.222,2.7,4.4,.627,0.4,1.3,.316,2.6,3.8,6.4,1.6,1.6,1.2,1.0,3.1,6.7,OKC
Josh Huestis,26,69,10,982,2.2,6.7,.330,1.2,4.2,.287,1.0,2.5,.403,0.2,0.7,.300,1.5,4.4,5.9,0.7,0.5,1.6,1.0,3.0,5.8,OKC
Terrance Ferguson,19,61,12,763,3.3,8.0,.414,1.9,5.7,.333,1.4,2.3,.612,0.4,0.5,.900,0.9,1.3,2.2,0.9,1.1,0.5,0.5,3.9,8.9,OKC
Corey Brewer,31,18,16,514,4.5,10.1,.444,1.6,4.7,.343,2.9,5.4,.532,2.2,2.7,.795,1.4,2.9,4.3,1.7,2.7,0.4,0.8,3.9,12.7,OKC
Dakari Johnson,22,31,6,161,4.9,8.7,.564,0.0,0.0,,4.9,8.7,.564,2.5,4.5,.550,3.6,4.0,7.6,1.8,1.3,1.8,0.7,6.0,12.3,OKC
Nick Collison,37,15,0,75,6.2,9.1,.684,0.0,0.0,,6.2,9.1,.684,2.4,6.2,.385,3.4,6.2,9.6,1.9,0.0,0.0,3.4,3.4,14.9,OKC
Kyle Singler,29,12,0,59,4.3,12.8,.333,1.2,3.1,.400,3.1,9.8,.313,4.3,7.9,.538,0.6,5.5,6.1,1.2,0.6,0.0,1.8,2.4,14.0,OKC
Daniel Hamilton,22,6,0,28,6.4,14.1,.455,2.6,6.4,.400,3.9,7.7,.500,0.0,0.0,,0.0,6.4,6.4,10.3,1.3,0.0,2.6,2.6,15.4,OKC
PJ Dozier,21,2,0,3,12.0,24.0,.500,0.0,0.0,,12.0,24.0,.500,0.0,0.0,,0.0,12.0,12.0,0.0,0.0,0.0,12.0,12.0,24.0,OKC
Marc Gasol,33,73,73,2408,6.5,15.4,.420,1.6,4.8,.341,4.9,10.7,.456,4.2,5.0,.834,1.2,7.7,8.9,4.6,0.8,1.5,2.9,2.8,18.8,MEM
Dillon Brooks,22,82,74,2350,5.2,11.8,.440,1.4,4.0,.356,3.8,7.8,.484,1.9,2.5,.747,0.8,3.2,3.9,2.1,1.1,0.3,1.9,3.6,13.8,MEM
Jarell Martin,23,73,36,1661,4.8,10.8,.446,0.7,2.1,.347,4.1,8.6,.470,1.9,2.5,.767,2.1,4.8,6.9,1.6,0.8,1.1,1.9,4.6,12.2,MEM
Tyreke Evans,28,52,32,1607,8.2,18.1,.452,2.6,6.4,.399,5.6,11.7,.482,3.7,4.7,.785,1.0,5.0,5.9,6.0,1.3,0.4,2.6,2.2,22.6,MEM
JaMychal Green,27,55,54,1542,5.2,11.4,.457,1.0,3.0,.339,4.2,8.4,.499,1.9,2.6,.721,3.4,7.4,10.8,1.8,0.7,0.6,1.8,3.6,13.3,MEM
Mario Chalmers,31,66,10,1421,4.3,11.2,.379,1.3,4.8,.277,2.9,6.4,.456,3.0,3.5,.855,0.3,3.6,4.0,5.0,2.0,0.4,3.0,4.5,12.8,MEM
Andrew Harrison,23,56,46,1326,4.9,11.6,.422,1.3,3.9,.331,3.6,7.8,.467,3.4,4.3,.780,0.6,2.9,3.6,4.8,1.0,0.7,2.2,3.7,14.5,MEM
Ben McLemore,24,56,17,1091,5.2,12.3,.421,1.8,5.2,.346,3.4,7.1,.477,1.7,2.1,.828,1.1,3.5,4.6,1.7,1.3,0.5,2.0,4.6,13.9,MEM
James Ennis,27,45,14,1053,3.7,7.6,.486,1.0,2.9,.357,2.7,4.7,.565,2.2,2.5,.877,1.8,3.6,5.4,1.7,1.1,0.4,1.3,2.8,10.6,MEM
Deyonta Davis,21,62,6,943,6.1,10.1,.608,0.0,0.0,,6.1,10.1,.608,1.5,2.2,.667,2.9,6.7,9.5,1.5,0.6,1.5,1.2,4.8,13.7,MEM
Wayne Selden,23,35,9,692,6.0,14.0,.431,2.5,6.3,.402,3.5,7.6,.456,2.3,3.1,.746,0.8,2.1,2.9,3.4,0.9,0.3,2.8,3.1,16.9,MEM
Chandler Parsons,29,36,8,691,5.6,12.2,.462,2.7,6.3,.421,3.0,5.9,.504,0.9,1.4,.630,0.7,4.0,4.7,3.6,0.9,0.6,1.8,2.8,14.8,MEM
Kobi Simmons,20,32,12,643,4.5,10.6,.423,0.6,2.2,.282,3.9,8.4,.460,1.4,1.4,1.000,0.8,2.0,2.8,3.8,1.0,0.3,2.5,3.4,11.0,MEM
Ivan Rabb,20,36,5,516,6.0,10.6,.566,0.0,0.0,,6.0,10.6,.566,2.0,2.5,.806,3.7,7.3,11.0,2.2,0.8,0.9,2.4,3.8,14.0,MEM
Myke Henry,25,20,0,378,3.9,10.4,.376,1.8,5.5,.328,2.1,4.9,.431,0.6,1.0,.600,1.0,2.7,3.6,2.1,3.0,0.6,1.8,2.7,10.2,MEM
Mike Conley,30,12,12,373,6.2,16.2,.381,2.3,7.4,.312,3.9,8.8,.440,5.1,6.4,.803,0.0,2.6,2.6,4.7,1.2,0.3,1.7,2.3,19.8,MEM
Brandan Wright,30,27,1,366,5.6,9.7,.576,0.0,0.0,,5.6,9.7,.576,2.1,3.2,.636,3.1,6.0,9.1,1.3,1.3,2.5,0.8,2.9,13.3,MEM
MarShon Brooks,29,7,1,193,9.5,19.0,.500,3.5,6.0,.594,6.0,13.1,.457,3.7,4.3,.870,1.5,2.4,3.9,4.7,2.1,0.6,3.0,1.1,26.3,MEM
Briante Weber,25,5,0,119,3.0,6.4,.476,0.0,0.6,.000,3.0,5.7,.526,1.2,1.8,.667,1.5,3.6,5.1,2.7,2.4,0.6,2.4,3.0,7.3,MEM
Xavier Rathan-Mayes,23,5,0,118,3.7,12.8,.286,0.3,4.3,.071,3.4,8.5,.393,1.2,2.7,.444,0.0,1.5,1.5,5.5,1.8,0.9,3.4,5.5,8.8,MEM
Omari Johnson,28,4,0,75,4.3,10.1,.429,1.9,5.8,.333,2.4,4.3,.556,0.0,0.0,,1.9,3.4,5.3,3.4,1.0,0.0,1.4,2.9,10.6,MEM
Marquis Teague,24,3,0,74,1.9,7.8,.250,0.5,1.9,.250,1.5,5.8,.250,1.0,2.4,.400,0.5,2.4,2.9,6.3,1.9,0.0,1.5,2.4,5.4,MEM
Brice Johnson,23,9,0,60,7.8,18.6,.419,0.0,0.0,,7.8,18.6,.419,0.6,1.8,.333,4.2,6.6,10.8,0.6,1.8,2.4,0.6,3.6,16.2,MEM
Vince Hunter,23,4,0,7,15.4,25.7,.600,0.0,0.0,,15.4,25.7,.600,0.0,0.0,,10.3,5.1,15.4,0.0,0.0,5.1,5.1,0.0,30.9,MEM
CJ McCollum,26,81,81,2923,8.2,18.5,.443,2.3,5.9,.397,5.9,12.7,.465,2.6,3.1,.836,0.7,3.3,4.0,3.3,0.9,0.4,1.9,2.1,21.3,POR
Damian Lillard,27,73,73,2670,8.4,19.1,.439,3.1,8.5,.361,5.3,10.6,.501,6.6,7.3,.916,0.8,3.5,4.4,6.5,1.0,0.4,2.8,1.6,26.5,POR
Jusuf Nurkic,23,79,79,2088,8.3,16.4,.505,0.0,0.1,.000,8.3,16.3,.508,3.0,4.7,.630,3.3,8.9,12.2,2.5,1.1,1.9,3.2,4.3,19.5,POR
Al-Farouq Aminu,27,69,67,2072,4.0,10.1,.395,2.2,5.9,.369,1.8,4.2,.432,1.0,1.4,.738,1.7,7.4,9.1,1.5,1.4,0.7,1.4,2.4,11.2,POR
Evan Turner,29,79,40,2034,4.6,10.2,.447,0.7,2.3,.318,3.8,7.9,.485,1.6,1.9,.850,0.5,3.8,4.3,3.1,0.8,0.5,1.8,2.9,11.5,POR
Shabazz Napier,26,74,10,1535,5.2,12.5,.420,1.9,5.1,.376,3.3,7.3,.450,2.7,3.2,.841,0.6,3.4,4.0,3.5,1.9,0.3,2.1,2.0,15.1,POR
Pat Connaughton,25,82,5,1488,4.0,9.4,.423,1.8,5.1,.352,2.2,4.4,.506,0.9,1.1,.841,0.9,3.0,3.9,2.2,0.6,0.5,1.0,2.9,10.7,POR
Ed Davis,28,78,0,1471,4.2,7.1,.582,0.0,0.0,.000,4.2,7.1,.584,1.8,2.7,.667,4.5,9.6,14.1,1.0,0.8,1.3,1.6,4.6,10.1,POR
Maurice Harkless,24,59,36,1264,4.2,8.5,.495,1.4,3.4,.415,2.8,5.1,.547,1.2,1.7,.712,1.3,3.3,4.6,1.5,1.4,1.2,1.1,2.9,11.0,POR
Zach Collins,20,66,1,1045,4.0,10.0,.398,1.2,3.9,.310,2.8,6.1,.455,0.9,1.4,.643,1.6,6.1,7.6,1.8,0.6,1.1,2.0,4.6,10.1,POR
Noah Vonleh,22,33,12,476,3.6,7.3,.490,0.2,0.5,.333,3.4,6.8,.500,1.7,2.3,.742,2.6,10.0,12.6,1.0,0.5,0.8,1.1,3.2,9.0,POR
Meyers Leonard,25,33,2,254,6.5,11.1,.590,1.6,3.7,.423,5.0,7.4,.673,1.3,1.6,.818,1.7,8.2,9.9,2.4,1.0,0.0,1.4,5.1,15.9,POR
Caleb Swanigan,20,27,3,189,4.6,11.4,.400,0.2,1.5,.125,4.4,9.9,.442,2.3,3.4,.667,2.9,7.4,10.3,2.7,1.0,0.6,3.4,7.0,11.6,POR
Jake Layman,23,35,1,160,3.2,10.6,.298,0.9,4.5,.200,2.3,6.1,.370,0.5,0.7,.667,0.9,2.7,3.6,2.5,1.4,0.9,1.1,2.9,7.7,POR
Wade Baldwin,21,7,0,80,6.3,9.5,.667,1.8,2.3,.800,4.5,7.2,.625,2.7,4.5,.600,0.5,3.2,3.6,2.3,0.9,0.5,1.8,5.4,17.1,POR
Georgios Papagiannis,20,1,0,4,9.0,9.0,1.000,0.0,0.0,,9.0,9.0,1.000,0.0,0.0,,9.0,0.0,9.0,0.0,18.0,0.0,0.0,0.0,18.0,POR
Kentavious Caldwell-Pope,24,74,74,2458,5.0,11.7,.426,2.3,6.1,.383,2.7,5.6,.473,2.2,2.8,.789,0.9,4.8,5.7,2.4,1.6,0.2,1.4,2.1,14.5,LAL
Kyle Kuzma,22,77,37,2401,7.0,15.6,.450,2.4,6.5,.366,4.6,9.1,.511,2.2,3.1,.707,1.3,5.9,7.2,2.1,0.7,0.5,2.1,2.4,18.6,LAL
Julius Randle,23,82,49,2190,8.3,14.9,.558,0.2,0.7,.222,8.1,14.1,.575,5.0,7.0,.718,3.0,7.8,10.8,3.5,0.7,0.7,3.5,4.5,21.7,LAL
Brandon Ingram,20,59,59,1975,6.5,13.9,.470,0.7,1.9,.390,5.8,12.0,.483,3.5,5.1,.681,1.0,4.7,5.7,4.2,0.8,0.8,2.7,3.0,17.3,LAL
Lonzo Ball,20,52,50,1780,4.1,11.4,.360,1.8,6.0,.305,2.3,5.4,.420,0.6,1.4,.451,1.4,5.9,7.3,7.6,1.8,0.9,2.8,2.4,10.7,LAL
Brook Lopez,29,74,72,1735,7.7,16.5,.465,2.3,6.7,.345,5.3,9.7,.549,2.3,3.3,.703,1.5,4.6,6.1,2.6,0.6,2.0,2.0,4.0,19.9,LAL
Josh Hart,22,63,23,1461,4.3,9.2,.469,1.9,4.9,.396,2.4,4.4,.551,1.6,2.3,.702,1.0,5.4,6.5,2.0,1.2,0.4,1.2,2.6,12.2,LAL
Jordan Clarkson,25,53,2,1256,8.6,19.1,.448,1.9,6.0,.324,6.6,13.1,.505,3.0,3.8,.795,1.3,3.3,4.6,5.0,1.1,0.1,2.7,1.8,22.1,LAL
Larry Nance,25,42,17,922,5.9,9.9,.601,0.0,0.2,.250,5.9,9.7,.606,2.1,3.4,.632,4.2,6.9,11.1,2.2,2.3,0.8,1.6,4.4,14.1,LAL
Corey Brewer,31,54,2,694,4.0,8.9,.453,0.4,2.2,.186,3.6,6.7,.543,1.8,2.6,.667,1.2,3.6,4.8,2.1,2.1,0.4,2.0,4.3,10.3,LAL
Tyler Ennis,23,54,11,683,5.0,11.8,.420,0.7,3.0,.250,4.2,8.9,.476,1.2,1.5,.759,1.0,4.0,5.0,5.5,1.6,0.5,2.0,4.0,11.8,LAL
Alex Caruso,23,37,7,562,3.2,7.4,.431,0.8,2.8,.302,2.4,4.7,.507,1.3,1.9,.700,1.0,3.2,4.2,4.8,1.5,0.6,2.7,3.3,8.6,LAL
Isaiah Thomas,28,17,1,456,6.9,17.9,.383,2.6,8.0,.327,4.3,9.9,.429,4.6,5.0,.921,0.8,2.1,2.8,6.7,0.5,0.1,4.3,2.6,20.9,LAL
Ivica Zubac,20,43,0,410,5.4,10.7,.500,0.0,0.1,.000,5.4,10.6,.504,3.4,4.5,.765,4.0,6.8,10.8,2.2,0.7,1.3,2.3,4.1,14.1,LAL
Travis Wear,27,17,0,228,3.9,11.4,.347,2.7,7.4,.362,1.3,3.9,.320,1.3,1.3,1.000,0.0,6.0,6.0,1.1,0.6,0.8,0.9,4.7,11.8,LAL
Andrew Bogut,33,23,5,216,2.8,4.2,.680,0.0,0.0,,2.8,4.2,.680,0.3,0.3,1.000,4.3,8.7,13.0,2.5,0.7,2.2,3.2,6.7,6.0,LAL
Channing Frye,34,9,0,150,4.8,10.3,.465,2.2,6.0,.360,2.6,4.3,.611,0.7,1.0,.750,0.5,5.5,6.0,2.4,0.2,0.2,1.0,3.6,12.5,LAL
Gary Payton,25,11,0,115,5.3,12.8,.415,1.3,4.1,.308,4.1,8.8,.464,0.3,1.9,.167,2.8,5.6,8.5,3.8,1.3,0.6,1.3,4.1,12.2,LAL
Thomas Bryant,20,15,0,72,4.0,10.5,.381,0.5,5.0,.100,3.5,5.5,.636,2.5,4.5,.556,1.5,7.0,8.5,3.0,0.5,1.0,1.0,3.0,11.0,LAL
Andre Ingram,32,2,0,64,4.5,9.6,.471,2.8,5.1,.556,1.7,4.5,.375,1.7,1.7,1.000,0.6,2.8,3.4,3.9,1.7,1.7,1.7,1.7,13.5,LAL
Vander Blue,25,5,0,45,0.8,4.0,.200,0.0,1.6,.000,0.8,2.4,.333,0.8,1.6,.500,0.0,0.8,0.8,2.4,0.8,0.0,2.4,1.6,2.4,LAL
Luol Deng,32,1,1,13,2.8,5.5,.500,0.0,0.0,,2.8,5.5,.500,0.0,0.0,,0.0,0.0,0.0,2.8,2.8,0.0,2.8,0.0,5.5,LAL
Nigel Hayes,23,2,0,11,3.3,9.8,.333,0.0,6.5,.000,3.3,3.3,1.000,3.3,3.3,1.000,0.0,0.0,0.0,6.5,0.0,0.0,0.0,0.0,9.8,LAL
Derrick Williams,26,2,0,9,4.0,16.0,.250,0.0,8.0,.000,4.0,8.0,.500,0.0,0.0,,0.0,4.0,4.0,0.0,0.0,0.0,0.0,0.0,8.0,LAL
Andrew Wiggins,22,82,82,2979,6.9,15.7,.438,1.4,4.1,.331,5.5,11.6,.475,2.4,3.8,.643,1.0,3.3,4.3,1.9,1.1,0.6,1.7,2.0,17.5,MIN
Karl-Anthony Towns,22,82,82,2918,7.9,14.5,.545,1.5,3.5,.421,6.4,10.9,.585,4.3,5.0,.858,2.9,9.5,12.5,2.5,0.8,1.4,2.0,3.5,21.5,MIN
Taj Gibson,32,82,82,2726,5.6,9.7,.577,0.1,0.5,.200,5.5,9.3,.595,1.9,2.4,.768,2.6,5.2,7.7,1.3,0.8,0.8,1.2,2.9,13.2,MIN
Jeff Teague,29,70,70,2311,5.5,12.4,.446,1.3,3.6,.368,4.2,8.8,.477,3.1,3.7,.845,0.4,2.9,3.3,7.7,1.6,0.4,2.8,2.7,15.5,MIN
Jimmy Butler,28,59,59,2164,7.3,15.3,.474,1.2,3.3,.350,6.1,12.0,.509,6.0,7.1,.854,1.3,3.9,5.2,4.8,1.9,0.4,1.8,1.3,21.7,MIN
Jamal Crawford,37,80,0,1653,6.7,16.2,.415,2.3,6.8,.331,4.4,9.3,.477,2.2,2.5,.903,0.5,1.7,2.2,4.0,0.9,0.2,2.1,1.9,17.9,MIN
Tyus Jones,21,82,11,1467,3.7,8.0,.457,1.1,3.2,.349,2.6,4.9,.528,1.7,2.0,.877,0.4,2.8,3.2,5.7,2.3,0.1,1.4,2.7,10.2,MIN
Nemanja Bjelica,29,67,21,1371,4.5,9.7,.461,2.0,4.8,.415,2.5,4.9,.505,0.9,1.2,.800,1.4,5.8,7.2,2.3,1.3,0.4,1.4,3.7,11.9,MIN
Gorgui Dieng,28,79,0,1333,5.0,10.5,.479,0.5,1.6,.311,4.5,8.8,.511,2.1,2.8,.775,2.9,6.9,9.7,1.9,1.2,1.1,1.6,4.0,12.7,MIN
Shabazz Muhammad,25,32,2,301,5.6,14.5,.388,0.5,2.3,.211,5.1,12.2,.422,2.6,3.7,.710,1.8,3.6,5.4,0.8,0.6,0.2,0.6,2.8,14.4,MIN
Marcus Georges-Hunt,23,42,0,224,3.4,7.7,.438,0.6,2.4,.267,2.7,5.3,.515,2.1,3.4,.619,1.1,1.4,2.6,1.1,1.0,0.0,0.5,5.1,9.5,MIN
Aaron Brooks,33,32,1,189,5.3,13.1,.406,2.1,5.9,.355,3.2,7.2,.447,1.5,2.1,.727,1.3,1.9,3.2,3.8,1.1,0.0,2.1,5.3,14.3,MIN
Derrick Rose,29,9,0,112,7.4,17.4,.426,0.3,1.9,.167,7.1,15.4,.458,1.6,1.6,1.000,1.0,1.0,1.9,3.5,1.3,0.0,2.3,0.6,16.7,MIN
Cole Aldrich,29,21,0,49,3.7,11.0,.333,0.0,0.0,,3.7,11.0,.333,1.5,4.4,.333,2.2,8.8,11.0,2.2,1.5,0.7,0.7,8.1,8.8,MIN
Justin Patton,20,1,0,4,9.0,18.0,.500,0.0,0.0,,9.0,18.0,.500,0.0,0.0,,0.0,0.0,0.0,0.0,9.0,0.0,0.0,9.0,18.0,MIN
Anthony Brown,25,1,0,4,9.0,9.0,1.000,9.0,9.0,1.000,0.0,0.0,,0.0,0.0,,0.0,0.0,0.0,9.0,0.0,0.0,0.0,0.0,27.0,MIN
Harrison Barnes,25,77,77,2634,7.3,16.5,.445,1.6,4.6,.357,5.7,12.0,.478,3.5,4.3,.827,1.1,5.3,6.4,2.1,0.7,0.2,1.6,1.3,19.8,DAL
Yogi Ferrell,24,82,21,2282,4.9,11.5,.426,2.1,5.7,.373,2.8,5.9,.477,1.3,1.6,.796,0.4,3.5,3.9,3.2,1.0,0.1,1.2,2.4,13.2,DAL
Wesley Matthews,31,63,62,2131,4.8,11.8,.406,2.6,6.8,.381,2.2,5.0,.441,1.4,1.7,.822,0.5,2.9,3.3,2.9,1.3,0.3,1.4,2.4,13.5,DAL
Dennis Smith,20,69,69,2049,7.1,18.0,.395,1.9,6.0,.313,5.2,12.0,.435,2.4,3.4,.694,0.9,3.7,4.6,6.3,1.2,0.3,3.4,2.7,18.4,DAL
Dirk Nowitzki,39,77,77,1900,6.6,14.4,.456,2.6,6.4,.409,3.9,8.0,.494,1.8,2.0,.898,0.4,7.9,8.3,2.3,0.8,0.9,1.0,2.8,17.6,DAL
Dwight Powell,26,79,25,1672,5.5,9.3,.593,0.6,1.8,.333,4.9,7.4,.656,2.9,4.0,.719,2.9,6.7,9.6,2.0,1.4,0.7,1.3,4.0,14.4,DAL
J.J. Barea,33,69,10,1603,6.8,15.5,.439,2.6,7.0,.367,4.2,8.5,.499,1.8,2.3,.784,0.3,4.2,4.5,9.7,0.8,0.1,3.2,1.9,18.0,DAL
Maxi Kleber,26,72,36,1206,4.5,9.2,.489,1.2,3.8,.313,3.3,5.4,.613,1.3,1.8,.746,2.1,4.9,7.0,1.5,0.8,1.4,0.9,3.4,11.5,DAL
Devin Harris,34,44,1,807,5.3,12.7,.415,2.0,5.6,.352,3.3,7.1,.465,4.1,5.0,.830,0.4,3.4,3.8,3.8,1.5,0.4,2.2,4.6,16.6,DAL
Salah Mejri,31,61,1,729,4.3,6.8,.642,0.0,0.1,.000,4.3,6.6,.657,1.9,3.3,.576,4.2,8.0,12.1,1.7,1.1,3.3,1.9,6.0,10.6,DAL
Doug McDermott,26,26,3,596,5.2,10.9,.478,2.4,4.8,.494,2.8,6.1,.465,1.4,1.7,.857,0.4,3.6,4.0,1.8,0.5,0.2,1.3,3.0,14.2,DAL
Kyle Collinsworth,26,32,2,480,2.8,7.4,.384,0.3,1.3,.235,2.5,6.1,.415,1.6,3.0,.525,2.4,5.6,8.0,4.2,1.3,0.7,1.8,3.3,7.6,DAL
Nerlens Noel,23,30,6,472,4.2,8.0,.524,0.0,0.1,.000,4.2,7.9,.529,1.6,2.1,.750,3.7,9.2,12.8,1.5,2.4,1.7,2.0,4.5,10.0,DAL
Dorian Finney-Smith,24,21,13,448,3.7,9.7,.380,1.6,5.4,.299,2.1,4.3,.481,0.9,1.2,.733,1.8,4.3,6.0,2.1,0.8,0.3,1.7,3.5,9.9,DAL
Aaron Harrison,23,9,3,233,2.9,10.7,.275,1.4,6.6,.209,1.5,4.0,.385,2.0,2.6,.765,0.6,3.1,3.7,1.7,1.4,0.3,0.5,4.2,9.3,DAL
Johnathan Motley,22,11,4,176,8.2,15.3,.533,0.2,1.2,.167,8.0,14.1,.565,3.1,5.7,.536,2.9,7.2,10.0,1.4,0.6,0.4,1.8,3.7,19.6,DAL
Jalen Jones,24,12,0,162,5.6,14.2,.391,2.0,5.6,.360,3.6,8.7,.410,2.2,3.8,.588,2.9,4.9,7.8,0.9,1.1,0.2,1.6,4.4,15.3,DAL
Antonius Cleveland,23,13,0,81,1.8,6.2,.286,0.0,0.4,.000,1.8,5.8,.308,0.9,1.8,.500,0.9,3.6,4.4,0.9,2.7,1.8,0.9,4.9,4.4,DAL
Gian Clavell,24,7,0,64,3.4,10.1,.333,3.4,8.4,.400,0.0,1.7,.000,1.1,1.1,1.000,0.6,3.4,3.9,1.7,1.1,0.0,1.1,4.5,11.3,DAL
Jeff Withey,27,9,0,39,5.5,14.8,.375,1.8,9.2,.200,3.7,5.5,.667,0.9,1.8,.500,0.9,8.3,9.2,0.0,0.0,2.8,1.8,2.8,13.8,DAL
Jameel Warney,24,3,0,27,9.3,16.0,.583,0.0,0.0,,9.3,16.0,.583,4.0,6.7,.600,5.3,6.7,12.0,0.0,0.0,0.0,1.3,2.7,22.7,DAL
Scotty Hopson,28,1,0,8,0.0,4.5,.000,0.0,0.0,,0.0,4.5,.000,4.5,9.0,.500,0.0,0.0,0.0,4.5,0.0,0.0,4.5,0.0,4.5,DAL
Josh McRoberts,30,2,0,6,0.0,6.0,.000,0.0,6.0,.000,0.0,0.0,,0.0,0.0,,0.0,0.0,0.0,0.0,0.0,0.0,0.0,12.0,0.0,DAL
Donovan Mitchell,21,79,71,2638,8.1,18.6,.437,2.6,7.5,.340,5.6,11.1,.502,3.3,4.1,.805,0.7,3.3,4.0,4.0,1.6,0.4,2.9,2.9,22.1,UTA
Joe Ingles,30,82,81,2578,4.7,10.0,.467,2.8,6.5,.440,1.8,3.5,.516,0.9,1.2,.795,0.3,4.5,4.8,5.5,1.3,0.3,2.2,2.5,13.1,UTA
Ricky Rubio,27,77,77,2254,5.5,13.2,.418,1.5,4.4,.352,4.0,8.8,.451,3.5,4.1,.866,0.7,4.9,5.6,6.5,1.9,0.2,3.3,3.3,16.1,UTA
Derrick Favors,26,77,77,2153,6.6,11.7,.563,0.2,1.1,.222,6.4,10.7,.596,2.3,3.6,.651,3.3,5.9,9.2,1.7,0.9,1.4,1.5,2.7,15.8,UTA
Rudy Gobert,25,56,56,1816,5.5,8.8,.622,0.0,0.0,,5.5,8.8,.622,4.0,5.9,.682,3.3,8.6,11.9,1.6,0.9,2.6,2.1,3.0,15.0,UTA
Royce O'Neale,24,69,4,1150,3.8,8.9,.423,1.3,3.7,.356,2.4,5.2,.470,1.9,2.4,.803,0.8,6.6,7.4,3.0,1.1,0.5,1.7,3.3,10.7,UTA
Jonas Jerebko,30,74,19,1134,5.0,10.8,.466,2.1,5.0,.414,3.0,5.8,.511,1.5,1.8,.807,1.7,6.1,7.8,1.3,0.8,0.4,0.9,4.0,13.6,UTA
Rodney Hood,25,39,12,1084,7.8,18.3,.424,3.4,8.7,.389,4.4,9.6,.455,2.8,3.2,.876,0.5,3.2,3.7,2.2,1.0,0.2,2.1,2.1,21.8,UTA
Alec Burks,26,64,1,1059,5.8,14.1,.411,1.6,4.8,.331,4.2,9.2,.452,3.6,4.2,.863,0.6,5.9,6.5,2.3,1.3,0.3,2.0,2.5,16.8,UTA
Ekpe Udoh,30,63,3,810,2.7,5.3,.500,0.0,0.0,.000,2.7,5.3,.504,1.9,2.5,.750,3.0,3.6,6.7,2.4,1.9,3.3,0.9,4.7,7.2,UTA
Thabo Sefolosha,33,38,6,806,5.3,10.7,.492,1.4,3.8,.381,3.8,7.0,.551,2.0,2.4,.815,1.3,5.9,7.2,1.5,2.3,0.5,1.3,2.6,13.9,UTA
Jae Crowder,27,27,0,744,5.5,14.3,.386,2.3,7.4,.316,3.2,6.9,.462,2.1,2.7,.768,0.9,4.1,4.9,2.0,1.1,0.4,1.5,3.0,15.4,UTA
Joe Johnson,36,32,3,700,4.9,11.6,.420,1.2,4.3,.274,3.7,7.3,.507,1.0,1.2,.833,0.6,4.9,5.5,2.3,0.6,0.3,1.6,1.6,12.0,UTA
Raul Neto,25,41,0,498,5.0,10.9,.457,1.4,3.4,.404,3.6,7.5,.481,1.9,2.5,.743,0.5,3.0,3.5,5.4,0.9,0.3,2.6,2.7,13.2,UTA
Dante Exum,22,14,0,235,6.4,13.3,.483,0.8,2.8,.278,5.7,10.6,.536,3.8,4.7,.806,0.6,3.4,4.0,6.6,1.2,0.5,3.1,3.1,17.5,UTA
Georges Niang,24,9,0,32,4.5,12.4,.364,0.0,4.5,.000,4.5,7.9,.571,1.1,2.3,.500,3.4,6.8,10.1,3.4,2.3,0.0,3.4,1.1,10.1,UTA
Tony Bradley,20,9,0,29,3.7,13.7,.273,0.0,1.2,.000,3.7,12.4,.300,2.5,2.5,1.000,5.0,8.7,13.7,1.2,0.0,0.0,0.0,1.2,9.9,UTA
Nate Wolters,26,5,0,19,1.9,11.4,.167,0.0,0.0,,1.9,11.4,.167,0.0,0.0,,1.9,1.9,3.8,1.9,0.0,0.0,0.0,1.9,3.8,UTA
David Stockton,26,3,0,9,8.0,12.0,.667,8.0,12.0,.667,0.0,0.0,,16.0,16.0,1.000,0.0,0.0,0.0,0.0,0.0,0.0,4.0,12.0,40.0,UTA
Erik McCree,24,4,0,8,0.0,9.0,.000,0.0,4.5,.000,0.0,4.5,.000,0.0,0.0,,0.0,4.5,4.5,0.0,4.5,0.0,4.5,0.0,0.0,UTA
Naz Mitrou-Long,24,1,0,1,36.0,36.0,1.000,36.0,36.0,1.000,0.0,0.0,,0.0,0.0,,0.0,0.0,0.0,0.0,0.0,0.0,0.0,0.0,108.0,UTA
Jrue Holiday,27,81,81,2927,7.6,15.3,.494,1.5,4.4,.337,6.1,10.9,.557,2.3,2.9,.786,0.8,3.7,4.5,6.0,1.5,0.8,2.6,2.5,18.9,NOP
Anthony Davis,24,75,75,2727,10.3,19.3,.534,0.7,2.1,.340,9.6,17.2,.558,6.5,7.9,.828,2.5,8.5,11.0,2.3,1.5,2.5,2.1,2.1,27.9,NOP
E'Twaun Moore,28,82,80,2586,5.9,11.6,.508,1.8,4.2,.425,4.1,7.4,.556,0.7,0.9,.706,0.8,2.5,3.3,2.6,1.1,0.2,1.4,2.5,14.2,NOP
Darius Miller,27,82,3,1944,4.0,9.0,.444,2.7,6.6,.411,1.3,2.4,.535,1.1,1.2,.866,0.3,2.7,3.0,2.1,0.5,0.3,1.1,3.0,11.8,NOP
DeMarcus Cousins,27,48,48,1737,8.4,17.9,.470,2.2,6.1,.354,6.3,11.8,.530,6.1,8.2,.746,2.2,10.6,12.8,5.3,1.6,1.6,5.0,3.8,25.1,NOP
Rajon Rondo,31,65,63,1705,4.9,10.4,.468,1.1,3.2,.333,3.8,7.3,.526,0.5,1.0,.543,0.7,4.9,5.6,11.3,1.5,0.2,3.2,2.5,11.3,NOP
Ian Clark,26,74,2,1455,5.5,12.2,.448,1.5,4.8,.318,4.0,7.4,.533,1.1,1.5,.763,0.2,2.9,3.1,2.7,0.8,0.2,1.4,3.0,13.6,NOP
Dante Cunningham,30,51,24,1115,3.2,7.3,.440,1.1,3.5,.324,2.1,3.8,.547,0.6,1.2,.556,1.6,4.6,6.2,0.8,0.9,0.5,0.5,2.4,8.2,NOP
Jameer Nelson,35,43,0,897,3.4,8.2,.410,1.6,4.4,.364,1.8,3.8,.463,0.5,0.7,.765,0.4,3.4,3.9,6.3,0.9,0.1,2.2,2.7,8.9,NOP
Nikola Mirotic,26,30,11,872,6.7,15.8,.427,2.7,8.1,.335,4.0,7.6,.524,1.9,2.4,.810,1.7,8.5,10.2,1.7,1.2,1.1,1.3,2.6,18.1,NOP
Cheick Diallo,21,52,0,581,6.3,10.9,.580,0.0,0.0,,6.3,10.9,.580,3.1,4.1,.758,2.9,10.2,13.1,1.2,0.7,1.3,1.7,5.1,15.7,NOP
Emeka Okafor,35,26,19,353,4.9,9.7,.505,0.0,0.0,,4.9,9.7,.505,1.8,2.2,.818,4.8,7.4,12.2,0.8,0.8,2.5,1.3,3.1,11.6,NOP
Tony Allen,36,22,0,273,5.8,12.0,.484,0.5,1.6,.333,5.3,10.4,.506,1.5,2.8,.524,2.6,3.6,6.2,1.2,1.5,0.4,2.5,6.5,13.6,NOP
DeAndre Liggins,29,27,3,244,2.7,6.0,.439,1.2,2.5,.471,1.5,3.5,.417,0.0,0.0,,0.3,3.5,3.8,3.1,1.5,0.6,1.0,3.0,6.5,NOP
Solomon Hill,26,12,1,187,2.1,7.9,.268,0.8,4.0,.190,1.3,3.9,.350,0.6,1.2,.500,1.7,5.2,6.9,4.2,1.3,0.2,1.7,4.2,5.6,NOP
Omer Asik,31,14,0,121,2.1,4.8,.438,0.0,0.0,,2.1,4.8,.438,1.2,3.6,.333,2.1,8.9,11.0,0.6,0.3,0.6,1.5,4.2,5.4,NOP
Larry Drew,27,7,0,55,3.9,11.1,.353,2.0,3.9,.500,2.0,7.2,.273,0.0,0.0,,1.3,0.0,1.3,5.2,0.0,0.0,1.3,2.6,9.8,NOP
Jordan Crawford,29,5,0,53,8.2,18.3,.444,5.4,9.5,.571,2.7,8.8,.308,0.7,0.7,1.000,1.4,1.4,2.7,8.8,0.7,0.7,3.4,4.8,22.4,NOP
Charles Cooke,23,13,0,38,1.9,13.3,.143,0.9,7.6,.125,0.9,5.7,.167,0.9,1.9,.500,0.0,1.9,1.9,0.9,0.9,0.0,0.9,0.0,5.7,NOP
Walt Lemon,25,5,0,35,7.2,16.5,.438,1.0,1.0,1.000,6.2,15.4,.400,2.1,3.1,.667,0.0,2.1,2.1,5.1,0.0,1.0,4.1,5.1,17.5,NOP
Jalen Jones,24,4,0,19,1.9,7.6,.250,1.9,1.9,1.000,0.0,5.7,.000,3.8,3.8,1.000,0.0,5.7,5.7,0.0,0.0,0.0,0.0,3.8,9.5,NOP
Mike James,27,4,0,18,4.0,18.0,.222,0.0,2.0,.000,4.0,16.0,.250,0.0,0.0,,2.0,0.0,2.0,12.0,2.0,0.0,2.0,6.0,8.0,NOP
Josh Smith,32,3,0,12,3.0,12.0,.250,0.0,0.0,,3.0,12.0,.250,0.0,0.0,,9.0,3.0,12.0,0.0,0.0,0.0,0.0,9.0,6.0,NOP
Bogdan Bogdanovic,25,78,53,2175,5.7,12.8,.446,2.1,5.4,.392,3.6,7.3,.485,1.7,2.0,.840,0.5,3.2,3.7,4.3,1.2,0.3,2.1,2.8,15.2,SAC
Willie Cauley-Stein,24,73,58,2044,6.8,13.6,.502,0.1,0.2,.250,6.8,13.4,.506,2.7,4.4,.619,2.3,6.7,9.0,3.0,1.4,1.2,1.9,3.3,16.4,SAC
De'Aaron Fox,20,73,60,2026,5.8,14.2,.412,0.8,2.7,.307,5.0,11.4,.436,2.5,3.5,.723,0.6,3.0,3.6,5.7,1.2,0.4,3.1,2.9,15.0,SAC
Buddy Hield,25,80,12,2024,7.4,16.6,.446,3.1,7.3,.431,4.3,9.3,.457,1.3,1.4,.877,1.0,4.5,5.5,2.8,1.5,0.4,2.2,2.6,19.2,SAC
Garrett Temple,31,65,35,1615,4.4,10.6,.418,2.0,5.1,.392,2.5,5.6,.442,1.3,1.7,.769,0.5,2.9,3.4,2.8,1.3,0.6,1.8,3.0,12.2,SAC
Zach Randolph,36,59,57,1508,8.6,18.2,.473,1.2,3.5,.347,7.4,14.7,.503,2.0,2.6,.785,2.3,7.2,9.5,3.0,1.0,0.2,2.8,2.8,20.5,SAC
Justin Jackson,22,68,41,1506,4.4,10.0,.442,1.4,4.4,.308,3.1,5.6,.547,0.6,0.9,.722,0.6,3.8,4.5,1.8,0.7,0.3,1.0,1.9,10.8,SAC
Kosta Koufos,28,71,13,1391,5.7,10.1,.571,0.0,0.0,,5.7,10.1,.571,0.9,1.9,.446,3.9,8.4,12.2,2.3,1.2,0.8,1.3,3.8,12.3,SAC
Skal Labissiere,21,60,28,1240,6.0,13.3,.448,0.5,1.5,.353,5.4,11.8,.459,2.8,3.4,.805,2.9,5.5,8.4,2.1,0.7,1.4,2.1,3.8,15.2,SAC
George Hill,31,43,36,1143,4.8,10.3,.469,1.8,4.0,.453,3.0,6.2,.480,2.4,3.1,.778,0.7,3.0,3.7,3.7,1.2,0.4,1.9,2.4,13.9,SAC
Vince Carter,41,58,5,1026,4.0,9.9,.403,2.0,5.8,.345,2.0,4.1,.483,1.0,1.3,.757,0.6,4.6,5.2,2.4,1.5,0.9,1.3,3.4,11.0,SAC
Frank Mason,23,52,2,984,5.3,13.9,.379,1.1,3.1,.360,4.1,10.8,.384,3.4,4.2,.817,1.1,3.7,4.8,5.4,1.2,0.4,2.4,2.6,15.1,SAC
JaKarr Sampson,24,22,6,344,4.6,8.5,.543,0.5,1.0,.500,4.1,7.4,.549,1.0,1.7,.625,2.2,6.0,8.2,0.9,0.8,2.3,0.8,5.0,10.8,SAC
Malachi Richardson,22,25,4,319,3.3,9.9,.330,1.4,4.4,.308,1.9,5.5,.347,1.9,2.5,.773,0.6,3.2,3.7,1.5,1.1,0.1,1.1,3.0,9.8,SAC
Georgios Papagiannis,20,16,0,118,5.2,12.5,.415,0.0,0.0,,5.2,12.5,.415,0.0,0.0,,3.7,7.3,11.0,2.7,0.6,1.8,2.4,3.7,10.4,SAC
Nigel Hayes,23,5,0,105,2.7,9.6,.286,0.7,4.1,.167,2.1,5.5,.375,0.0,0.7,.000,1.4,6.2,7.5,1.4,0.7,1.0,0.3,2.7,6.2,SAC
Bruno Caboclo,22,10,0,100,3.2,10.4,.310,1.1,5.4,.200,2.2,5.0,.429,1.8,2.2,.833,2.5,5.0,7.6,1.1,0.7,1.4,1.4,2.5,9.4,SAC
Jack Cooley,26,7,0,87,5.4,11.2,.481,0.0,0.0,,5.4,11.2,.481,5.8,7.9,.737,5.8,6.6,12.4,2.5,0.4,0.0,1.2,5.4,16.6,SAC
James Harden,28,72,72,2551,9.2,20.4,.449,3.7,10.2,.367,5.4,10.3,.531,8.8,10.3,.858,0.6,4.9,5.5,8.9,1.8,0.7,4.4,2.4,30.9,HOU
P.J. Tucker,32,82,34,2281,2.7,7.0,.390,1.8,4.9,.371,0.9,2.1,.435,0.7,0.9,.717,1.5,5.7,7.2,1.2,1.2,0.4,1.2,3.2,7.9,HOU
Trevor Ariza,32,67,67,2269,4.3,10.3,.412,2.7,7.3,.368,1.6,3.0,.519,1.2,1.4,.854,0.5,4.1,4.7,1.7,1.6,0.2,0.8,2.1,12.4,HOU
Eric Gordon,29,69,30,2154,6.9,16.2,.428,3.6,10.2,.359,3.3,6.1,.544,3.3,4.0,.809,0.4,2.4,2.8,2.6,0.7,0.5,2.2,1.9,20.8,HOU
Clint Capela,23,74,74,2034,7.8,12.0,.652,0.0,0.0,.000,7.8,11.9,.653,2.5,4.5,.560,4.3,9.9,14.2,1.2,1.0,2.4,1.8,3.3,18.2,HOU
Chris Paul,32,58,58,1847,7.2,15.6,.460,2.8,7.4,.380,4.3,8.2,.532,4.0,4.3,.919,0.7,5.4,6.1,8.9,1.9,0.3,2.5,2.7,21.1,HOU
Ryan Anderson,29,66,50,1725,4.3,10.0,.431,2.7,7.1,.386,1.6,2.9,.539,1.5,1.9,.774,2.0,4.9,6.9,1.3,0.5,0.4,0.9,2.6,12.9,HOU
Luc Mbah a Moute,31,61,15,1564,3.8,7.9,.481,1.5,4.0,.364,2.4,4.0,.599,1.5,2.2,.684,0.5,3.8,4.3,1.3,1.7,0.6,1.6,2.3,10.6,HOU
Gerald Green,32,41,2,929,6.5,16.0,.407,4.3,11.5,.369,2.2,4.5,.504,2.0,2.3,.850,0.6,4.6,5.2,1.0,0.9,0.6,1.2,3.4,19.3,HOU
Nene Hilario,35,52,4,758,6.5,11.4,.569,0.0,0.1,.000,6.5,11.3,.574,3.2,5.1,.636,2.6,5.8,8.4,2.1,1.3,0.7,1.8,5.8,16.1,HOU
Tarik Black,26,51,2,536,5.0,8.5,.591,0.1,0.7,.091,5.0,7.8,.638,1.9,4.2,.460,4.2,6.7,10.9,0.9,1.4,2.0,2.4,7.2,12.1,HOU
Joe Johnson,36,23,1,505,3.6,9.6,.381,1.2,4.3,.279,2.4,5.2,.466,1.4,1.5,.952,0.1,4.5,4.6,2.7,0.4,0.1,1.3,2.5,9.9,HOU
Zhou Qi,22,18,0,124,1.7,9.3,.188,0.6,5.5,.105,1.2,3.8,.308,2.3,3.5,.667,1.7,4.6,6.4,0.6,0.6,4.1,2.9,4.1,6.4,HOU
Briante Weber,25,13,0,118,2.7,6.7,.409,1.2,2.7,.444,1.5,4.0,.385,1.2,1.2,1.000,0.9,4.6,5.5,4.0,3.1,0.9,2.1,5.5,7.9,HOU
Bobby Brown,33,20,0,115,5.9,18.2,.328,3.4,12.5,.275,2.5,5.6,.444,0.3,0.6,.500,0.0,2.2,2.2,3.4,1.3,0.0,2.8,1.9,15.7,HOU
Demetrius Jackson,23,12,0,63,2.3,8.0,.286,0.0,3.4,.000,2.3,4.6,.500,0.0,0.0,,2.3,4.0,6.3,2.9,2.3,0.6,5.1,3.4,4.6,HOU
R.J. Hunter,24,5,1,45,5.6,16.0,.350,2.4,11.2,.214,3.2,4.8,.667,1.6,1.6,1.000,0.0,4.0,4.0,2.4,2.4,0.0,1.6,5.6,15.2,HOU
Aaron Jackson,31,1,0,35,3.1,9.3,.333,1.0,4.1,.250,2.1,5.1,.400,1.0,2.1,.500,2.1,1.0,3.1,1.0,0.0,0.0,1.0,4.1,8.2,HOU
Markel Brown,26,4,0,31,2.3,8.1,.286,1.2,5.8,.200,1.2,2.3,.500,0.0,0.0,,1.2,4.6,5.8,2.3,0.0,0.0,2.3,7.0,5.8,HOU
Chinanu Onuaku,21,1,0,22,3.3,8.2,.400,0.0,0.0,,3.3,8.2,.400,0.0,0.0,,1.6,4.9,6.5,1.6,0.0,0.0,4.9,6.5,6.5,HOU
Troy Williams,23,4,0,17,4.2,19.1,.222,0.0,10.6,.000,4.2,8.5,.500,2.1,6.4,.333,2.1,6.4,8.5,2.1,2.1,0.0,2.1,4.2,10.6,HOU
Brandan Wright,30,1,0,15,4.8,7.2,.667,0.0,0.0,,4.8,7.2,.667,0.0,0.0,,2.4,2.4,4.8,0.0,0.0,2.4,0.0,7.2,9.6,HOU
Tim Quarterman,23,3,0,13,2.8,8.3,.333,0.0,5.5,.000,2.8,2.8,1.000,5.5,5.5,1.000,0.0,8.3,8.3,2.8,0.0,0.0,5.5,2.8,11.1,HOU
Isaiah Canaan,26,1,0,4,0.0,9.0,.000,0.0,0.0,,0.0,9.0,.000,0.0,0.0,,0.0,9.0,9.0,0.0,0.0,0.0,0.0,0.0,0.0,HOU
LaMarcus Aldridge,32,75,75,2509,9.9,19.3,.510,0.4,1.3,.293,9.5,18.0,.526,4.8,5.7,.837,3.5,5.6,9.1,2.2,0.6,1.3,1.6,2.3,24.9,SAS
Patty Mills,29,82,36,2107,4.8,11.7,.411,2.6,7.1,.372,2.2,4.6,.470,1.8,2.0,.890,0.4,2.2,2.6,3.9,0.9,0.2,1.8,2.2,14.0,SAS
Kyle Anderson,24,74,67,1978,4.2,8.0,.527,0.3,1.0,.333,3.9,6.9,.556,1.9,2.7,.712,1.5,5.7,7.2,3.7,2.1,1.1,1.7,2.1,10.6,SAS
Pau Gasol,37,77,63,1812,5.7,12.5,.458,0.9,2.4,.358,4.8,10.1,.481,3.1,4.2,.756,2.6,9.7,12.3,4.7,0.5,1.6,2.1,2.4,15.4,SAS
Danny Green,30,70,60,1791,4.4,11.3,.387,2.3,6.4,.363,2.0,4.8,.419,1.0,1.3,.769,0.8,4.2,5.0,2.2,1.3,1.6,1.5,2.5,12.1,SAS
Dejounte Murray,21,81,48,1743,5.6,12.6,.443,0.2,0.7,.265,5.4,11.9,.454,2.2,3.1,.709,2.3,7.2,9.5,4.8,2.0,0.6,2.8,3.1,13.5,SAS
Bryn Forbes,24,80,12,1517,5.0,11.8,.421,2.1,5.4,.390,2.8,6.4,.446,1.1,1.7,.667,0.3,2.3,2.6,1.9,0.7,0.0,0.9,2.6,13.2,SAS
Manu Ginobili,40,65,0,1299,5.6,12.8,.434,1.8,5.3,.333,3.8,7.5,.506,3.0,3.6,.840,0.5,3.4,3.9,4.5,1.2,0.4,2.9,3.5,16.0,SAS
Rudy Gay,31,57,6,1231,7.4,15.7,.471,1.1,3.5,.314,6.3,12.3,.516,3.3,4.2,.772,2.2,6.3,8.5,2.1,1.3,1.1,2.3,2.9,19.2,SAS
Davis Bertans,25,77,10,1086,5.3,12.1,.440,3.1,8.4,.373,2.2,3.8,.588,1.3,1.6,.816,0.6,4.5,5.1,2.5,0.9,0.9,1.2,3.1,15.1,SAS
Tony Parker,35,55,21,1071,6.0,13.0,.459,0.3,1.2,.270,5.6,11.8,.479,1.8,2.6,.705,0.2,3.0,3.2,6.6,0.9,0.0,2.3,1.7,14.2,SAS
Brandon Paul,26,64,2,576,3.4,7.9,.433,0.9,3.4,.278,2.5,4.6,.548,1.4,2.7,.512,0.4,3.9,4.2,2.3,1.6,0.4,1.8,3.6,9.2,SAS
Joffrey Lauvergne,26,55,1,534,6.6,12.8,.516,0.0,0.3,.000,6.6,12.5,.530,2.0,3.2,.638,4.2,7.3,11.5,2.8,0.6,0.2,2.2,3.0,15.2,SAS
Kawhi Leonard,26,9,9,210,8.9,19.0,.468,1.9,6.0,.314,7.0,13.0,.539,5.3,6.5,.816,1.0,6.2,7.2,3.6,3.1,1.5,2.7,1.5,25.0,SAS
Derrick White,23,17,0,139,4.1,8.5,.485,2.1,3.4,.615,2.1,5.2,.400,3.6,5.2,.700,1.3,5.4,6.7,2.3,1.0,0.8,1.6,2.1,14.0,SAS
Darrun Hilliard,24,14,0,95,1.9,7.2,.263,0.0,2.3,.000,1.9,4.9,.385,2.3,2.7,.857,0.0,2.7,2.7,4.2,0.8,0.0,1.5,2.7,6.1,SAS
Matt Costello,24,4,0,32,2.3,4.5,.500,0.0,0.0,,2.3,4.5,.500,0.0,0.0,,1.1,9.0,10.1,2.3,2.3,2.3,1.1,7.9,4.5,SAS
T.J. Warren,24,65,65,2142,8.9,17.9,.498,0.3,1.5,.222,8.6,16.4,.523,3.2,4.3,.757,2.1,3.5,5.6,1.4,1.1,0.7,1.4,2.5,21.4,PHO
Dragan Bender,20,82,37,2069,3.3,8.4,.386,2.1,5.6,.366,1.2,2.8,.426,0.7,0.9,.765,0.7,5.6,6.3,2.3,0.4,0.9,1.9,2.9,9.2,PHO
Josh Jackson,20,77,35,1959,7.1,17.1,.417,1.0,4.0,.263,6.1,13.1,.464,3.3,5.1,.634,1.7,4.7,6.5,2.2,1.5,0.6,2.7,4.0,18.6,PHO
Devin Booker,21,54,54,1865,8.8,20.3,.432,2.8,7.4,.383,5.9,12.9,.460,5.6,6.4,.878,0.5,4.2,4.7,4.9,0.9,0.3,3.7,3.2,26.0,PHO
Tyler Ulis,22,71,43,1658,4.6,12.0,.388,0.9,3.2,.288,3.7,8.8,.425,1.8,2.2,.832,0.5,2.3,2.8,6.8,1.5,0.2,2.8,2.6,12.0,PHO
Troy Daniels,26,79,15,1622,5.1,12.8,.403,4.1,10.2,.400,1.1,2.6,.419,1.2,1.4,.875,0.3,2.6,2.8,1.1,0.6,0.1,1.2,3.0,15.6,PHO
Marquese Chriss,20,72,49,1527,4.8,11.2,.423,1.3,4.5,.295,3.4,6.8,.509,2.3,3.7,.608,1.8,7.5,9.3,2.0,1.2,1.7,2.5,4.8,13.1,PHO
Alex Len,24,69,13,1395,5.5,9.8,.566,0.0,0.1,.333,5.5,9.7,.568,4.1,6.0,.684,4.5,8.9,13.4,2.1,0.7,1.6,2.0,4.1,15.1,PHO
Tyson Chandler,35,46,46,1151,3.8,5.8,.647,0.0,0.0,,3.8,5.8,.647,1.8,2.9,.624,4.2,8.9,13.1,1.7,0.5,0.8,1.8,3.3,9.4,PHO
Jared Dudley,32,48,0,686,2.5,6.4,.393,1.5,4.2,.363,1.0,2.2,.452,1.4,1.8,.771,0.4,4.5,4.9,4.1,1.3,0.6,1.5,4.5,8.0,PHO
Mike James,27,32,10,669,6.5,16.8,.388,1.4,5.2,.268,5.1,11.6,.442,3.4,4.5,.762,0.6,4.1,4.8,6.5,1.5,0.4,2.6,2.4,17.9,PHO
Elfrid Payton,23,19,19,551,5.9,13.7,.435,0.3,1.6,.200,5.6,12.0,.467,2.4,3.5,.685,1.1,5.4,6.5,7.7,1.2,0.4,3.5,3.3,14.6,PHO
Greg Monroe,27,20,14,465,7.5,12.0,.626,0.0,0.0,,7.5,12.0,.626,2.4,3.6,.674,3.9,8.5,12.4,3.9,1.2,0.5,3.1,3.1,17.4,PHO
Isaiah Canaan,26,19,1,418,4.5,11.7,.382,1.9,5.7,.333,2.6,6.0,.429,4.0,4.4,.902,0.5,3.3,3.8,6.5,1.4,0.1,2.5,3.1,14.8,PHO
Danuel House,24,23,3,403,5.0,11.5,.434,1.3,5.2,.259,3.7,6.3,.577,2.2,2.8,.806,1.2,5.6,6.8,2.2,0.6,0.5,1.0,2.1,13.6,PHO
Shaquille Harrison,24,23,2,384,5.5,11.6,.476,0.6,2.4,.231,5.0,9.2,.541,2.6,3.6,.737,0.8,4.9,5.7,5.2,2.4,0.7,2.1,3.9,14.2,PHO
Davon Reed,22,21,1,242,3.3,11.3,.289,1.6,5.7,.289,1.6,5.7,.289,1.2,1.8,.667,0.3,5.5,5.8,1.9,1.5,0.3,1.5,2.5,9.4,PHO
Alec Peters,22,20,0,225,4.5,11.8,.378,2.9,9.3,.310,1.6,2.6,.625,1.3,1.6,.800,1.3,4.6,5.9,1.9,0.3,0.3,0.6,2.1,13.1,PHO
Josh Gray,24,5,0,86,4.6,17.2,.268,1.3,5.4,.231,3.3,11.7,.286,2.9,4.6,.636,0.8,3.3,4.2,5.0,3.3,0.8,2.9,3.3,13.4,PHO
Eric Bledsoe,28,3,3,83,6.9,17.3,.400,1.7,5.6,.308,5.2,11.7,.444,4.8,6.1,.786,1.3,1.7,3.0,3.9,1.7,0.9,4.3,2.6,20.4,PHO
Alan Williams,25,5,0,70,3.6,9.3,.389,0.0,0.0,,3.6,9.3,.389,3.1,4.6,.667,1.5,9.8,11.3,4.1,2.6,0.5,3.6,6.7,10.3,PHO
Derrick Jones,20,6,0,33,2.2,4.4,.500,0.0,2.2,.000,2.2,2.2,1.000,5.5,6.5,.833,2.2,2.2,4.4,3.3,1.1,4.4,1.1,2.2,9.8,PHO
